HB 2    ,https://capitol.texas.gov/tlodocs/87R/billtext/pdf/HB00002F.pdf#navpanes=0
HB 4    ,https://capitol.texas.gov/tlodocs/87R/billtext/pdf/HB00004F.pdf#navpanes=0
HB 5    ,https://capitol.texas.gov/tlodocs/87R/billtext/pdf/HB00005F.pdf#navpanes=0
HB 7    ,https://capitol.texas.gov/tlodocs/87R/billtext/pdf/HB00007F.pdf#navpanes=0
HB 9    ,https://capitol.texas.gov/tlodocs/87R/billtext/pdf/HB00009F.pdf#navpanes=0
HB 16   ,https://capitol.texas.gov/tlodocs/87R/billtext/pdf/HB00016F.pdf#navpanes=0
HB 17   ,https://capitol.texas.gov/tlodocs/87R/billtext/pdf/HB00017F.pdf#navpanes=0
HB 18   ,https://capitol.texas.gov/tlodocs/87R/billtext/pdf/HB00018F.pdf#navpanes=0
HB 19   ,https://capitol.texas.gov/tlodocs/87R/billtext/pdf/HB00019F.pdf#navpanes=0
HB 21   ,https://capitol.texas.gov/tlodocs/87R/billtext/pdf/HB00021F.pdf#navpanes=0
HB 29   ,https://capitol.texas.gov/tlodocs/87R/billtext/pdf/HB00029F.pdf#navpanes=0
HB 30   ,https://capitol.texas.gov/tlodocs/87R/billtext/pdf/HB00030F.pdf#navpanes=0
HB 33   ,https://capitol.texas.gov/tlodocs/87R/billtext/pdf/HB00033F.pdf#navpanes=0
HB 39   ,https://capitol.texas.gov/tlodocs/87R/billtext/pdf/HB00039F.pdf#navpanes=0
HB 54   ,https://capitol.texas.gov/tlodocs/87R/billtext/pdf/HB00054F.pdf#navpanes=0
HB 79   ,https://capitol.texas.gov/tlodocs/87R/billtext/pdf/HB00079F.pdf#navpanes=0
HB 80   ,https://capitol.texas.gov/tlodocs/87R/billtext/pdf/HB00080F.pdf#navpanes=0
HB 103  ,https://capitol.texas.gov/tlodocs/87R/billtext/pdf/HB00103F.pdf#navpanes=0
HB 113  ,https://capitol.texas.gov/tlodocs/87R/billtext/pdf/HB00113F.pdf#navpanes=0
HB 115  ,https://capitol.texas.gov/tlodocs/87R/billtext/pdf/HB00115F.pdf#navpanes=0
HB 119  ,https://capitol.texas.gov/tlodocs/87R/billtext/pdf/HB00119F.pdf#navpanes=0
HB 133  ,https://capitol.texas.gov/tlodocs/87R/billtext/pdf/HB00133F.pdf#navpanes=0
HB 135  ,https://capitol.texas.gov/tlodocs/87R/billtext/pdf/HB00135F.pdf#navpanes=0
HB 139  ,https://capitol.texas.gov/tlodocs/87R/billtext/pdf/HB00139F.pdf#navpanes=0
HB 159  ,https://capitol.texas.gov/tlodocs/87R/billtext/pdf/HB00159F.pdf#navpanes=0
HB 180  ,https://capitol.texas.gov/tlodocs/87R/billtext/pdf/HB00180F.pdf#navpanes=0
HB 189  ,https://capitol.texas.gov/tlodocs/87R/billtext/pdf/HB00189F.pdf#navpanes=0
HB 222  ,https://capitol.texas.gov/tlodocs/87R/billtext/pdf/HB00222F.pdf#navpanes=0
HB 246  ,https://capitol.texas.gov/tlodocs/87R/billtext/pdf/HB00246F.pdf#navpanes=0
HB 295  ,https://capitol.texas.gov/tlodocs/87R/billtext/pdf/HB00295F.pdf#navpanes=0
HB 315  ,https://capitol.texas.gov/tlodocs/87R/billtext/pdf/HB00315F.pdf#navpanes=0
HB 317  ,https://capitol.texas.gov/tlodocs/87R/billtext/pdf/HB00317F.pdf#navpanes=0
HB 362  ,https://capitol.texas.gov/tlodocs/87R/billtext/pdf/HB00362F.pdf#navpanes=0
HB 365  ,https://capitol.texas.gov/tlodocs/87R/billtext/pdf/HB00365F.pdf#navpanes=0
HB 368  ,https://capitol.texas.gov/tlodocs/87R/billtext/pdf/HB00368F.pdf#navpanes=0
HB 374  ,https://capitol.texas.gov/tlodocs/87R/billtext/pdf/HB00374F.pdf#navpanes=0
HB 375  ,https://capitol.texas.gov/tlodocs/87R/billtext/pdf/HB00375F.pdf#navpanes=0
HB 385  ,https://capitol.texas.gov/tlodocs/87R/billtext/pdf/HB00385F.pdf#navpanes=0
HB 390  ,https://capitol.texas.gov/tlodocs/87R/billtext/pdf/HB00390F.pdf#navpanes=0
HB 402  ,https://capitol.texas.gov/tlodocs/87R/billtext/pdf/HB00402F.pdf#navpanes=0
HB 428  ,https://capitol.texas.gov/tlodocs/87R/billtext/pdf/HB00428F.pdf#navpanes=0
HB 454  ,https://capitol.texas.gov/tlodocs/87R/billtext/pdf/HB00454F.pdf#navpanes=0
HB 458  ,https://capitol.texas.gov/tlodocs/87R/billtext/pdf/HB00458F.pdf#navpanes=0
HB 465  ,https://capitol.texas.gov/tlodocs/87R/billtext/pdf/HB00465F.pdf#navpanes=0
HB 525  ,https://capitol.texas.gov/tlodocs/87R/billtext/pdf/HB00525F.pdf#navpanes=0
HB 531  ,https://capitol.texas.gov/tlodocs/87R/billtext/pdf/HB00531F.pdf#navpanes=0
HB 532  ,https://capitol.texas.gov/tlodocs/87R/billtext/pdf/HB00532F.pdf#navpanes=0
HB 533  ,https://capitol.texas.gov/tlodocs/87R/billtext/pdf/HB00533F.pdf#navpanes=0
HB 547  ,https://capitol.texas.gov/tlodocs/87R/billtext/pdf/HB00547F.pdf#navpanes=0
HB 549  ,https://capitol.texas.gov/tlodocs/87R/billtext/pdf/HB00549F.pdf#navpanes=0
HB 558  ,https://capitol.texas.gov/tlodocs/87R/billtext/pdf/HB00558F.pdf#navpanes=0
HB 569  ,https://capitol.texas.gov/tlodocs/87R/billtext/pdf/HB00569F.pdf#navpanes=0
HB 572  ,https://capitol.texas.gov/tlodocs/87R/billtext/pdf/HB00572F.pdf#navpanes=0
HB 574  ,https://capitol.texas.gov/tlodocs/87R/billtext/pdf/HB00574F.pdf#navpanes=0
HB 604  ,https://capitol.texas.gov/tlodocs/87R/billtext/pdf/HB00604F.pdf#navpanes=0
HB 619  ,https://capitol.texas.gov/tlodocs/87R/billtext/pdf/HB00619F.pdf#navpanes=0
HB 624  ,https://capitol.texas.gov/tlodocs/87R/billtext/pdf/HB00624F.pdf#navpanes=0
HB 626  ,https://capitol.texas.gov/tlodocs/87R/billtext/pdf/HB00626F.pdf#navpanes=0
HB 632  ,https://capitol.texas.gov/tlodocs/87R/billtext/pdf/HB00632F.pdf#navpanes=0
HB 636  ,https://capitol.texas.gov/tlodocs/87R/billtext/pdf/HB00636F.pdf#navpanes=0
HB 654  ,https://capitol.texas.gov/tlodocs/87R/billtext/pdf/HB00654F.pdf#navpanes=0
HB 690  ,https://capitol.texas.gov/tlodocs/87R/billtext/pdf/HB00690F.pdf#navpanes=0
HB 692  ,https://capitol.texas.gov/tlodocs/87R/billtext/pdf/HB00692F.pdf#navpanes=0
HB 699  ,https://capitol.texas.gov/tlodocs/87R/billtext/pdf/HB00699F.pdf#navpanes=0
HB 700  ,https://capitol.texas.gov/tlodocs/87R/billtext/pdf/HB00700F.pdf#navpanes=0
HB 707  ,https://capitol.texas.gov/tlodocs/87R/billtext/pdf/HB00707F.pdf#navpanes=0
HB 719  ,https://capitol.texas.gov/tlodocs/87R/billtext/pdf/HB00719F.pdf#navpanes=0
HB 721  ,https://capitol.texas.gov/tlodocs/87R/billtext/pdf/HB00721F.pdf#navpanes=0
HB 723  ,https://capitol.texas.gov/tlodocs/87R/billtext/pdf/HB00723F.pdf#navpanes=0
HB 725  ,https://capitol.texas.gov/tlodocs/87R/billtext/pdf/HB00725F.pdf#navpanes=0
HB 735  ,https://capitol.texas.gov/tlodocs/87R/billtext/pdf/HB00735F.pdf#navpanes=0
HB 738  ,https://capitol.texas.gov/tlodocs/87R/billtext/pdf/HB00738F.pdf#navpanes=0
HB 750  ,https://capitol.texas.gov/tlodocs/87R/billtext/pdf/HB00750F.pdf#navpanes=0
HB 757  ,https://capitol.texas.gov/tlodocs/87R/billtext/pdf/HB00757F.pdf#navpanes=0
HB 763  ,https://capitol.texas.gov/tlodocs/87R/billtext/pdf/HB00763F.pdf#navpanes=0
HB 766  ,https://capitol.texas.gov/tlodocs/87R/billtext/pdf/HB00766F.pdf#navpanes=0
HB 769  ,https://capitol.texas.gov/tlodocs/87R/billtext/pdf/HB00769F.pdf#navpanes=0
HB 773  ,https://capitol.texas.gov/tlodocs/87R/billtext/pdf/HB00773F.pdf#navpanes=0
HB 780  ,https://capitol.texas.gov/tlodocs/87R/billtext/pdf/HB00780F.pdf#navpanes=0
HB 781  ,https://capitol.texas.gov/tlodocs/87R/billtext/pdf/HB00781F.pdf#navpanes=0
HB 785  ,https://capitol.texas.gov/tlodocs/87R/billtext/pdf/HB00785F.pdf#navpanes=0
HB 786  ,https://capitol.texas.gov/tlodocs/87R/billtext/pdf/HB00786F.pdf#navpanes=0
HB 788  ,https://capitol.texas.gov/tlodocs/87R/billtext/pdf/HB00788F.pdf#navpanes=0
HB 792  ,https://capitol.texas.gov/tlodocs/87R/billtext/pdf/HB00792F.pdf#navpanes=0
HB 797  ,https://capitol.texas.gov/tlodocs/87R/billtext/pdf/HB00797F.pdf#navpanes=0
HB 837  ,https://capitol.texas.gov/tlodocs/87R/billtext/pdf/HB00837F.pdf#navpanes=0
HB 851  ,https://capitol.texas.gov/tlodocs/87R/billtext/pdf/HB00851F.pdf#navpanes=0
HB 867  ,https://capitol.texas.gov/tlodocs/87R/billtext/pdf/HB00867F.pdf#navpanes=0
HB 868  ,https://capitol.texas.gov/tlodocs/87R/billtext/pdf/HB00868F.pdf#navpanes=0
HB 871  ,https://capitol.texas.gov/tlodocs/87R/billtext/pdf/HB00871F.pdf#navpanes=0
HB 872  ,https://capitol.texas.gov/tlodocs/87R/billtext/pdf/HB00872F.pdf#navpanes=0
HB 876  ,https://capitol.texas.gov/tlodocs/87R/billtext/pdf/HB00876F.pdf#navpanes=0
HB 885  ,https://capitol.texas.gov/tlodocs/87R/billtext/pdf/HB00885F.pdf#navpanes=0
HB 900  ,https://capitol.texas.gov/tlodocs/87R/billtext/pdf/HB00900F.pdf#navpanes=0
HB 911  ,https://capitol.texas.gov/tlodocs/87R/billtext/pdf/HB00911F.pdf#navpanes=0
HB 912  ,https://capitol.texas.gov/tlodocs/87R/billtext/pdf/HB00912F.pdf#navpanes=0
HB 914  ,https://capitol.texas.gov/tlodocs/87R/billtext/pdf/HB00914F.pdf#navpanes=0
HB 917  ,https://capitol.texas.gov/tlodocs/87R/billtext/pdf/HB00917F.pdf#navpanes=0
HB 918  ,https://capitol.texas.gov/tlodocs/87R/billtext/pdf/HB00918F.pdf#navpanes=0
HB 929  ,https://capitol.texas.gov/tlodocs/87R/billtext/pdf/HB00929F.pdf#navpanes=0
HB 957  ,https://capitol.texas.gov/tlodocs/87R/billtext/pdf/HB00957F.pdf#navpanes=0
HB 963  ,https://capitol.texas.gov/tlodocs/87R/billtext/pdf/HB00963F.pdf#navpanes=0
HB 977  ,https://capitol.texas.gov/tlodocs/87R/billtext/pdf/HB00977F.pdf#navpanes=0
HB 981  ,https://capitol.texas.gov/tlodocs/87R/billtext/pdf/HB00981F.pdf#navpanes=0
HB 988  ,https://capitol.texas.gov/tlodocs/87R/billtext/pdf/HB00988F.pdf#navpanes=0
HB 1005 ,https://capitol.texas.gov/tlodocs/87R/billtext/pdf/HB01005F.pdf#navpanes=0
HB 1011 ,https://capitol.texas.gov/tlodocs/87R/billtext/pdf/HB01011F.pdf#navpanes=0
HB 1012 ,https://capitol.texas.gov/tlodocs/87R/billtext/pdf/HB01012F.pdf#navpanes=0
HB 1024 ,https://capitol.texas.gov/tlodocs/87R/billtext/pdf/HB01024F.pdf#navpanes=0
HB 1027 ,https://capitol.texas.gov/tlodocs/87R/billtext/pdf/HB01027F.pdf#navpanes=0
HB 1033 ,https://capitol.texas.gov/tlodocs/87R/billtext/pdf/HB01033F.pdf#navpanes=0
HB 1049 ,https://capitol.texas.gov/tlodocs/87R/billtext/pdf/HB01049F.pdf#navpanes=0
HB 1057 ,https://capitol.texas.gov/tlodocs/87R/billtext/pdf/HB01057F.pdf#navpanes=0
HB 1062 ,https://capitol.texas.gov/tlodocs/87R/billtext/pdf/HB01062F.pdf#navpanes=0
HB 1069 ,https://capitol.texas.gov/tlodocs/87R/billtext/pdf/HB01069F.pdf#navpanes=0
HB 1070 ,https://capitol.texas.gov/tlodocs/87R/billtext/pdf/HB01070F.pdf#navpanes=0
HB 1071 ,https://capitol.texas.gov/tlodocs/87R/billtext/pdf/HB01071F.pdf#navpanes=0
HB 1080 ,https://capitol.texas.gov/tlodocs/87R/billtext/pdf/HB01080F.pdf#navpanes=0
HB 1081 ,https://capitol.texas.gov/tlodocs/87R/billtext/pdf/HB01081F.pdf#navpanes=0
HB 1082 ,https://capitol.texas.gov/tlodocs/87R/billtext/pdf/HB01082F.pdf#navpanes=0
HB 1090 ,https://capitol.texas.gov/tlodocs/87R/billtext/pdf/HB01090F.pdf#navpanes=0
HB 1115 ,https://capitol.texas.gov/tlodocs/87R/billtext/pdf/HB01115F.pdf#navpanes=0
HB 1118 ,https://capitol.texas.gov/tlodocs/87R/billtext/pdf/HB01118F.pdf#navpanes=0
HB 1128 ,https://capitol.texas.gov/tlodocs/87R/billtext/pdf/HB01128F.pdf#navpanes=0
HB 1133 ,https://capitol.texas.gov/tlodocs/87R/billtext/pdf/HB01133F.pdf#navpanes=0
HB 1147 ,https://capitol.texas.gov/tlodocs/87R/billtext/pdf/HB01147F.pdf#navpanes=0
HB 1153 ,https://capitol.texas.gov/tlodocs/87R/billtext/pdf/HB01153F.pdf#navpanes=0
HB 1154 ,https://capitol.texas.gov/tlodocs/87R/billtext/pdf/HB01154F.pdf#navpanes=0
HB 1156 ,https://capitol.texas.gov/tlodocs/87R/billtext/pdf/HB01156F.pdf#navpanes=0
HB 1164 ,https://capitol.texas.gov/tlodocs/87R/billtext/pdf/HB01164F.pdf#navpanes=0
HB 1172 ,https://capitol.texas.gov/tlodocs/87R/billtext/pdf/HB01172F.pdf#navpanes=0
HB 1195 ,https://capitol.texas.gov/tlodocs/87R/billtext/pdf/HB01195F.pdf#navpanes=0
HB 1197 ,https://capitol.texas.gov/tlodocs/87R/billtext/pdf/HB01197F.pdf#navpanes=0
HB 1213 ,https://capitol.texas.gov/tlodocs/87R/billtext/pdf/HB01213F.pdf#navpanes=0
HB 1227 ,https://capitol.texas.gov/tlodocs/87R/billtext/pdf/HB01227F.pdf#navpanes=0
HB 1228 ,https://capitol.texas.gov/tlodocs/87R/billtext/pdf/HB01228F.pdf#navpanes=0
HB 1239 ,https://capitol.texas.gov/tlodocs/87R/billtext/pdf/HB01239F.pdf#navpanes=0
HB 1247 ,https://capitol.texas.gov/tlodocs/87R/billtext/pdf/HB01247F.pdf#navpanes=0
HB 1252 ,https://capitol.texas.gov/tlodocs/87R/billtext/pdf/HB01252F.pdf#navpanes=0
HB 1256 ,https://capitol.texas.gov/tlodocs/87R/billtext/pdf/HB01256F.pdf#navpanes=0
HB 1257 ,https://capitol.texas.gov/tlodocs/87R/billtext/pdf/HB01257F.pdf#navpanes=0
HB 1258 ,https://capitol.texas.gov/tlodocs/87R/billtext/pdf/HB01258F.pdf#navpanes=0
HB 1259 ,https://capitol.texas.gov/tlodocs/87R/billtext/pdf/HB01259F.pdf#navpanes=0
HB 1264 ,https://capitol.texas.gov/tlodocs/87R/billtext/pdf/HB01264F.pdf#navpanes=0
HB 1276 ,https://capitol.texas.gov/tlodocs/87R/billtext/pdf/HB01276F.pdf#navpanes=0
HB 1278 ,https://capitol.texas.gov/tlodocs/87R/billtext/pdf/HB01278F.pdf#navpanes=0
HB 1280 ,https://capitol.texas.gov/tlodocs/87R/billtext/pdf/HB01280F.pdf#navpanes=0
HB 1281 ,https://capitol.texas.gov/tlodocs/87R/billtext/pdf/HB01281F.pdf#navpanes=0
HB 1284 ,https://capitol.texas.gov/tlodocs/87R/billtext/pdf/HB01284F.pdf#navpanes=0
HB 1296 ,https://capitol.texas.gov/tlodocs/87R/billtext/pdf/HB01296F.pdf#navpanes=0
HB 1297 ,https://capitol.texas.gov/tlodocs/87R/billtext/pdf/HB01297F.pdf#navpanes=0
HB 1301 ,https://capitol.texas.gov/tlodocs/87R/billtext/pdf/HB01301F.pdf#navpanes=0
HB 1306 ,https://capitol.texas.gov/tlodocs/87R/billtext/pdf/HB01306F.pdf#navpanes=0
HB 1307 ,https://capitol.texas.gov/tlodocs/87R/billtext/pdf/HB01307F.pdf#navpanes=0
HB 1315 ,https://capitol.texas.gov/tlodocs/87R/billtext/pdf/HB01315F.pdf#navpanes=0
HB 1321 ,https://capitol.texas.gov/tlodocs/87R/billtext/pdf/HB01321F.pdf#navpanes=0
HB 1322 ,https://capitol.texas.gov/tlodocs/87R/billtext/pdf/HB01322F.pdf#navpanes=0
HB 1325 ,https://capitol.texas.gov/tlodocs/87R/billtext/pdf/HB01325F.pdf#navpanes=0
HB 1338 ,https://capitol.texas.gov/tlodocs/87R/billtext/pdf/HB01338F.pdf#navpanes=0
HB 1363 ,https://capitol.texas.gov/tlodocs/87R/billtext/pdf/HB01363F.pdf#navpanes=0
HB 1371 ,https://capitol.texas.gov/tlodocs/87R/billtext/pdf/HB01371F.pdf#navpanes=0
HB 1372 ,https://capitol.texas.gov/tlodocs/87R/billtext/pdf/HB01372F.pdf#navpanes=0
HB 1382 ,https://capitol.texas.gov/tlodocs/87R/billtext/pdf/HB01382F.pdf#navpanes=0
HB 1387 ,https://capitol.texas.gov/tlodocs/87R/billtext/pdf/HB01387F.pdf#navpanes=0
HB 1397 ,https://capitol.texas.gov/tlodocs/87R/billtext/pdf/HB01397F.pdf#navpanes=0
HB 1400 ,https://capitol.texas.gov/tlodocs/87R/billtext/pdf/HB01400F.pdf#navpanes=0
HB 1401 ,https://capitol.texas.gov/tlodocs/87R/billtext/pdf/HB01401F.pdf#navpanes=0
HB 1403 ,https://capitol.texas.gov/tlodocs/87R/billtext/pdf/HB01403F.pdf#navpanes=0
HB 1407 ,https://capitol.texas.gov/tlodocs/87R/billtext/pdf/HB01407F.pdf#navpanes=0
HB 1419 ,https://capitol.texas.gov/tlodocs/87R/billtext/pdf/HB01419F.pdf#navpanes=0
HB 1423 ,https://capitol.texas.gov/tlodocs/87R/billtext/pdf/HB01423F.pdf#navpanes=0
HB 1428 ,https://capitol.texas.gov/tlodocs/87R/billtext/pdf/HB01428F.pdf#navpanes=0
HB 1434 ,https://capitol.texas.gov/tlodocs/87R/billtext/pdf/HB01434F.pdf#navpanes=0
HB 1445 ,https://capitol.texas.gov/tlodocs/87R/billtext/pdf/HB01445F.pdf#navpanes=0
HB 1456 ,https://capitol.texas.gov/tlodocs/87R/billtext/pdf/HB01456F.pdf#navpanes=0
HB 1475 ,https://capitol.texas.gov/tlodocs/87R/billtext/pdf/HB01475F.pdf#navpanes=0
HB 1476 ,https://capitol.texas.gov/tlodocs/87R/billtext/pdf/HB01476F.pdf#navpanes=0
HB 1480 ,https://capitol.texas.gov/tlodocs/87R/billtext/pdf/HB01480F.pdf#navpanes=0
HB 1484 ,https://capitol.texas.gov/tlodocs/87R/billtext/pdf/HB01484F.pdf#navpanes=0
HB 1493 ,https://capitol.texas.gov/tlodocs/87R/billtext/pdf/HB01493F.pdf#navpanes=0
HB 1500 ,https://capitol.texas.gov/tlodocs/87R/billtext/pdf/HB01500F.pdf#navpanes=0
HB 1505 ,https://capitol.texas.gov/tlodocs/87R/billtext/pdf/HB01505F.pdf#navpanes=0
HB 1510 ,https://capitol.texas.gov/tlodocs/87R/billtext/pdf/HB01510F.pdf#navpanes=0
HB 1514 ,https://capitol.texas.gov/tlodocs/87R/billtext/pdf/HB01514F.pdf#navpanes=0
HB 1516 ,https://capitol.texas.gov/tlodocs/87R/billtext/pdf/HB01516F.pdf#navpanes=0
HB 1518 ,https://capitol.texas.gov/tlodocs/87R/billtext/pdf/HB01518F.pdf#navpanes=0
HB 1520 ,https://capitol.texas.gov/tlodocs/87R/billtext/pdf/HB01520F.pdf#navpanes=0
HB 1522 ,https://capitol.texas.gov/tlodocs/87R/billtext/pdf/HB01522F.pdf#navpanes=0
HB 1525 ,https://capitol.texas.gov/tlodocs/87R/billtext/pdf/HB01525F.pdf#navpanes=0
HB 1535 ,https://capitol.texas.gov/tlodocs/87R/billtext/pdf/HB01535F.pdf#navpanes=0
HB 1540 ,https://capitol.texas.gov/tlodocs/87R/billtext/pdf/HB01540F.pdf#navpanes=0
HB 1543 ,https://capitol.texas.gov/tlodocs/87R/billtext/pdf/HB01543F.pdf#navpanes=0
HB 1545 ,https://capitol.texas.gov/tlodocs/87R/billtext/pdf/HB01545F.pdf#navpanes=0
HB 1554 ,https://capitol.texas.gov/tlodocs/87R/billtext/pdf/HB01554F.pdf#navpanes=0
HB 1558 ,https://capitol.texas.gov/tlodocs/87R/billtext/pdf/HB01558F.pdf#navpanes=0
HB 1560 ,https://capitol.texas.gov/tlodocs/87R/billtext/pdf/HB01560F.pdf#navpanes=0
HB 1570 ,https://capitol.texas.gov/tlodocs/87R/billtext/pdf/HB01570F.pdf#navpanes=0
HB 1572 ,https://capitol.texas.gov/tlodocs/87R/billtext/pdf/HB01572F.pdf#navpanes=0
HB 1576 ,https://capitol.texas.gov/tlodocs/87R/billtext/pdf/HB01576F.pdf#navpanes=0
HB 1578 ,https://capitol.texas.gov/tlodocs/87R/billtext/pdf/HB01578F.pdf#navpanes=0
HB 1585 ,https://capitol.texas.gov/tlodocs/87R/billtext/pdf/HB01585F.pdf#navpanes=0
HB 1589 ,https://capitol.texas.gov/tlodocs/87R/billtext/pdf/HB01589F.pdf#navpanes=0
HB 1603 ,https://capitol.texas.gov/tlodocs/87R/billtext/pdf/HB01603F.pdf#navpanes=0
HB 1606 ,https://capitol.texas.gov/tlodocs/87R/billtext/pdf/HB01606F.pdf#navpanes=0
HB 1616 ,https://capitol.texas.gov/tlodocs/87R/billtext/pdf/HB01616F.pdf#navpanes=0
HB 1618 ,https://capitol.texas.gov/tlodocs/87R/billtext/pdf/HB01618F.pdf#navpanes=0
HB 1622 ,https://capitol.texas.gov/tlodocs/87R/billtext/pdf/HB01622F.pdf#navpanes=0
HB 1658 ,https://capitol.texas.gov/tlodocs/87R/billtext/pdf/HB01658F.pdf#navpanes=0
HB 1659 ,https://capitol.texas.gov/tlodocs/87R/billtext/pdf/HB01659F.pdf#navpanes=0
HB 1664 ,https://capitol.texas.gov/tlodocs/87R/billtext/pdf/HB01664F.pdf#navpanes=0
HB 1677 ,https://capitol.texas.gov/tlodocs/87R/billtext/pdf/HB01677F.pdf#navpanes=0
HB 1680 ,https://capitol.texas.gov/tlodocs/87R/billtext/pdf/HB01680F.pdf#navpanes=0
HB 1681 ,https://capitol.texas.gov/tlodocs/87R/billtext/pdf/HB01681F.pdf#navpanes=0
HB 1689 ,https://capitol.texas.gov/tlodocs/87R/billtext/pdf/HB01689F.pdf#navpanes=0
HB 1693 ,https://capitol.texas.gov/tlodocs/87R/billtext/pdf/HB01693F.pdf#navpanes=0
HB 1694 ,https://capitol.texas.gov/tlodocs/87R/billtext/pdf/HB01694F.pdf#navpanes=0
HB 1699 ,https://capitol.texas.gov/tlodocs/87R/billtext/pdf/HB01699F.pdf#navpanes=0
HB 1706 ,https://capitol.texas.gov/tlodocs/87R/billtext/pdf/HB01706F.pdf#navpanes=0
HB 1728 ,https://capitol.texas.gov/tlodocs/87R/billtext/pdf/HB01728F.pdf#navpanes=0
HB 1752 ,https://capitol.texas.gov/tlodocs/87R/billtext/pdf/HB01752F.pdf#navpanes=0
HB 1753 ,https://capitol.texas.gov/tlodocs/87R/billtext/pdf/HB01753F.pdf#navpanes=0
HB 1755 ,https://capitol.texas.gov/tlodocs/87R/billtext/pdf/HB01755F.pdf#navpanes=0
HB 1759 ,https://capitol.texas.gov/tlodocs/87R/billtext/pdf/HB01759F.pdf#navpanes=0
HB 1763 ,https://capitol.texas.gov/tlodocs/87R/billtext/pdf/HB01763F.pdf#navpanes=0
HB 1777 ,https://capitol.texas.gov/tlodocs/87R/billtext/pdf/HB01777F.pdf#navpanes=0
HB 1787 ,https://capitol.texas.gov/tlodocs/87R/billtext/pdf/HB01787F.pdf#navpanes=0
HB 1788 ,https://capitol.texas.gov/tlodocs/87R/billtext/pdf/HB01788F.pdf#navpanes=0
HB 1792 ,https://capitol.texas.gov/tlodocs/87R/billtext/pdf/HB01792F.pdf#navpanes=0
HB 1799 ,https://capitol.texas.gov/tlodocs/87R/billtext/pdf/HB01799F.pdf#navpanes=0
HB 1831 ,https://capitol.texas.gov/tlodocs/87R/billtext/pdf/HB01831F.pdf#navpanes=0
HB 1849 ,https://capitol.texas.gov/tlodocs/87R/billtext/pdf/HB01849F.pdf#navpanes=0
HB 1863 ,https://capitol.texas.gov/tlodocs/87R/billtext/pdf/HB01863F.pdf#navpanes=0
HB 1869 ,https://capitol.texas.gov/tlodocs/87R/billtext/pdf/HB01869F.pdf#navpanes=0
HB 1900 ,https://capitol.texas.gov/tlodocs/87R/billtext/pdf/HB01900F.pdf#navpanes=0
HB 1904 ,https://capitol.texas.gov/tlodocs/87R/billtext/pdf/HB01904F.pdf#navpanes=0
HB 1905 ,https://capitol.texas.gov/tlodocs/87R/billtext/pdf/HB01905F.pdf#navpanes=0
HB 1906 ,https://capitol.texas.gov/tlodocs/87R/billtext/pdf/HB01906F.pdf#navpanes=0
HB 1914 ,https://capitol.texas.gov/tlodocs/87R/billtext/pdf/HB01914F.pdf#navpanes=0
HB 1920 ,https://capitol.texas.gov/tlodocs/87R/billtext/pdf/HB01920F.pdf#navpanes=0
HB 1925 ,https://capitol.texas.gov/tlodocs/87R/billtext/pdf/HB01925F.pdf#navpanes=0
HB 1927 ,https://capitol.texas.gov/tlodocs/87R/billtext/pdf/HB01927F.pdf#navpanes=0
HB 1929 ,https://capitol.texas.gov/tlodocs/87R/billtext/pdf/HB01929F.pdf#navpanes=0
HB 1935 ,https://capitol.texas.gov/tlodocs/87R/billtext/pdf/HB01935F.pdf#navpanes=0
HB 1936 ,https://capitol.texas.gov/tlodocs/87R/billtext/pdf/HB01936F.pdf#navpanes=0
HB 1938 ,https://capitol.texas.gov/tlodocs/87R/billtext/pdf/HB01938F.pdf#navpanes=0
HB 1939 ,https://capitol.texas.gov/tlodocs/87R/billtext/pdf/HB01939F.pdf#navpanes=0
HB 1957 ,https://capitol.texas.gov/tlodocs/87R/billtext/pdf/HB01957F.pdf#navpanes=0
HB 1958 ,https://capitol.texas.gov/tlodocs/87R/billtext/pdf/HB01958F.pdf#navpanes=0
HB 1966 ,https://capitol.texas.gov/tlodocs/87R/billtext/pdf/HB01966F.pdf#navpanes=0
HB 1967 ,https://capitol.texas.gov/tlodocs/87R/billtext/pdf/HB01967F.pdf#navpanes=0
HB 1987 ,https://capitol.texas.gov/tlodocs/87R/billtext/pdf/HB01987F.pdf#navpanes=0
HB 2004 ,https://capitol.texas.gov/tlodocs/87R/billtext/pdf/HB02004F.pdf#navpanes=0
HB 2005 ,https://capitol.texas.gov/tlodocs/87R/billtext/pdf/HB02005F.pdf#navpanes=0
HB 2022 ,https://capitol.texas.gov/tlodocs/87R/billtext/pdf/HB02022F.pdf#navpanes=0
HB 2025 ,https://capitol.texas.gov/tlodocs/87R/billtext/pdf/HB02025F.pdf#navpanes=0
HB 2048 ,https://capitol.texas.gov/tlodocs/87R/billtext/pdf/HB02048F.pdf#navpanes=0
HB 2056 ,https://capitol.texas.gov/tlodocs/87R/billtext/pdf/HB02056F.pdf#navpanes=0
HB 2058 ,https://capitol.texas.gov/tlodocs/87R/billtext/pdf/HB02058F.pdf#navpanes=0
HB 2063 ,https://capitol.texas.gov/tlodocs/87R/billtext/pdf/HB02063F.pdf#navpanes=0
HB 2064 ,https://capitol.texas.gov/tlodocs/87R/billtext/pdf/HB02064F.pdf#navpanes=0
HB 2073 ,https://capitol.texas.gov/tlodocs/87R/billtext/pdf/HB02073F.pdf#navpanes=0
HB 2080 ,https://capitol.texas.gov/tlodocs/87R/billtext/pdf/HB02080F.pdf#navpanes=0
HB 2083 ,https://capitol.texas.gov/tlodocs/87R/billtext/pdf/HB02083F.pdf#navpanes=0
HB 2086 ,https://capitol.texas.gov/tlodocs/87R/billtext/pdf/HB02086F.pdf#navpanes=0
HB 2089 ,https://capitol.texas.gov/tlodocs/87R/billtext/pdf/HB02089F.pdf#navpanes=0
HB 2090 ,https://capitol.texas.gov/tlodocs/87R/billtext/pdf/HB02090F.pdf#navpanes=0
HB 2091 ,https://capitol.texas.gov/tlodocs/87R/billtext/pdf/HB02091F.pdf#navpanes=0
HB 2093 ,https://capitol.texas.gov/tlodocs/87R/billtext/pdf/HB02093F.pdf#navpanes=0
HB 2094 ,https://capitol.texas.gov/tlodocs/87R/billtext/pdf/HB02094F.pdf#navpanes=0
HB 2106 ,https://capitol.texas.gov/tlodocs/87R/billtext/pdf/HB02106F.pdf#navpanes=0
HB 2107 ,https://capitol.texas.gov/tlodocs/87R/billtext/pdf/HB02107F.pdf#navpanes=0
HB 2110 ,https://capitol.texas.gov/tlodocs/87R/billtext/pdf/HB02110F.pdf#navpanes=0
HB 2112 ,https://capitol.texas.gov/tlodocs/87R/billtext/pdf/HB02112F.pdf#navpanes=0
HB 2116 ,https://capitol.texas.gov/tlodocs/87R/billtext/pdf/HB02116F.pdf#navpanes=0
HB 2152 ,https://capitol.texas.gov/tlodocs/87R/billtext/pdf/HB02152F.pdf#navpanes=0
HB 2167 ,https://capitol.texas.gov/tlodocs/87R/billtext/pdf/HB02167F.pdf#navpanes=0
HB 2168 ,https://capitol.texas.gov/tlodocs/87R/billtext/pdf/HB02168F.pdf#navpanes=0
HB 2171 ,https://capitol.texas.gov/tlodocs/87R/billtext/pdf/HB02171F.pdf#navpanes=0
HB 2201 ,https://capitol.texas.gov/tlodocs/87R/billtext/pdf/HB02201F.pdf#navpanes=0
HB 2209 ,https://capitol.texas.gov/tlodocs/87R/billtext/pdf/HB02209F.pdf#navpanes=0
HB 2211 ,https://capitol.texas.gov/tlodocs/87R/billtext/pdf/HB02211F.pdf#navpanes=0
HB 2213 ,https://capitol.texas.gov/tlodocs/87R/billtext/pdf/HB02213F.pdf#navpanes=0
HB 2219 ,https://capitol.texas.gov/tlodocs/87R/billtext/pdf/HB02219F.pdf#navpanes=0
HB 2223 ,https://capitol.texas.gov/tlodocs/87R/billtext/pdf/HB02223F.pdf#navpanes=0
HB 2225 ,https://capitol.texas.gov/tlodocs/87R/billtext/pdf/HB02225F.pdf#navpanes=0
HB 2237 ,https://capitol.texas.gov/tlodocs/87R/billtext/pdf/HB02237F.pdf#navpanes=0
HB 2256 ,https://capitol.texas.gov/tlodocs/87R/billtext/pdf/HB02256F.pdf#navpanes=0
HB 2283 ,https://capitol.texas.gov/tlodocs/87R/billtext/pdf/HB02283F.pdf#navpanes=0
HB 2287 ,https://capitol.texas.gov/tlodocs/87R/billtext/pdf/HB02287F.pdf#navpanes=0
HB 2301 ,https://capitol.texas.gov/tlodocs/87R/billtext/pdf/HB02301F.pdf#navpanes=0
HB 2315 ,https://capitol.texas.gov/tlodocs/87R/billtext/pdf/HB02315F.pdf#navpanes=0
HB 2326 ,https://capitol.texas.gov/tlodocs/87R/billtext/pdf/HB02326F.pdf#navpanes=0
HB 2343 ,https://capitol.texas.gov/tlodocs/87R/billtext/pdf/HB02343F.pdf#navpanes=0
HB 2357 ,https://capitol.texas.gov/tlodocs/87R/billtext/pdf/HB02357F.pdf#navpanes=0
HB 2361 ,https://capitol.texas.gov/tlodocs/87R/billtext/pdf/HB02361F.pdf#navpanes=0
HB 2365 ,https://capitol.texas.gov/tlodocs/87R/billtext/pdf/HB02365F.pdf#navpanes=0
HB 2366 ,https://capitol.texas.gov/tlodocs/87R/billtext/pdf/HB02366F.pdf#navpanes=0
HB 2374 ,https://capitol.texas.gov/tlodocs/87R/billtext/pdf/HB02374F.pdf#navpanes=0
HB 2382 ,https://capitol.texas.gov/tlodocs/87R/billtext/pdf/HB02382F.pdf#navpanes=0
HB 2390 ,https://capitol.texas.gov/tlodocs/87R/billtext/pdf/HB02390F.pdf#navpanes=0
HB 2404 ,https://capitol.texas.gov/tlodocs/87R/billtext/pdf/HB02404F.pdf#navpanes=0
HB 2429 ,https://capitol.texas.gov/tlodocs/87R/billtext/pdf/HB02429F.pdf#navpanes=0
HB 2430 ,https://capitol.texas.gov/tlodocs/87R/billtext/pdf/HB02430F.pdf#navpanes=0
HB 2431 ,https://capitol.texas.gov/tlodocs/87R/billtext/pdf/HB02431F.pdf#navpanes=0
HB 2462 ,https://capitol.texas.gov/tlodocs/87R/billtext/pdf/HB02462F.pdf#navpanes=0
HB 2483 ,https://capitol.texas.gov/tlodocs/87R/billtext/pdf/HB02483F.pdf#navpanes=0
HB 2494 ,https://capitol.texas.gov/tlodocs/87R/billtext/pdf/HB02494F.pdf#navpanes=0
HB 2497 ,https://capitol.texas.gov/tlodocs/87R/billtext/pdf/HB02497F.pdf#navpanes=0
HB 2509 ,https://capitol.texas.gov/tlodocs/87R/billtext/pdf/HB02509F.pdf#navpanes=0
HB 2519 ,https://capitol.texas.gov/tlodocs/87R/billtext/pdf/HB02519F.pdf#navpanes=0
HB 2521 ,https://capitol.texas.gov/tlodocs/87R/billtext/pdf/HB02521F.pdf#navpanes=0
HB 2530 ,https://capitol.texas.gov/tlodocs/87R/billtext/pdf/HB02530F.pdf#navpanes=0
HB 2533 ,https://capitol.texas.gov/tlodocs/87R/billtext/pdf/HB02533F.pdf#navpanes=0
HB 2535 ,https://capitol.texas.gov/tlodocs/87R/billtext/pdf/HB02535F.pdf#navpanes=0
HB 2536 ,https://capitol.texas.gov/tlodocs/87R/billtext/pdf/HB02536F.pdf#navpanes=0
HB 2581 ,https://capitol.texas.gov/tlodocs/87R/billtext/pdf/HB02581F.pdf#navpanes=0
HB 2586 ,https://capitol.texas.gov/tlodocs/87R/billtext/pdf/HB02586F.pdf#navpanes=0
HB 2595 ,https://capitol.texas.gov/tlodocs/87R/billtext/pdf/HB02595F.pdf#navpanes=0
HB 2607 ,https://capitol.texas.gov/tlodocs/87R/billtext/pdf/HB02607F.pdf#navpanes=0
HB 2622 ,https://capitol.texas.gov/tlodocs/87R/billtext/pdf/HB02622F.pdf#navpanes=0
HB 2633 ,https://capitol.texas.gov/tlodocs/87R/billtext/pdf/HB02633F.pdf#navpanes=0
HB 2658 ,https://capitol.texas.gov/tlodocs/87R/billtext/pdf/HB02658F.pdf#navpanes=0
HB 2660 ,https://capitol.texas.gov/tlodocs/87R/billtext/pdf/HB02660F.pdf#navpanes=0
HB 2669 ,https://capitol.texas.gov/tlodocs/87R/billtext/pdf/HB02669F.pdf#navpanes=0
HB 2675 ,https://capitol.texas.gov/tlodocs/87R/billtext/pdf/HB02675F.pdf#navpanes=0
HB 2677 ,https://capitol.texas.gov/tlodocs/87R/billtext/pdf/HB02677F.pdf#navpanes=0
HB 2678 ,https://capitol.texas.gov/tlodocs/87R/billtext/pdf/HB02678F.pdf#navpanes=0
HB 2681 ,https://capitol.texas.gov/tlodocs/87R/billtext/pdf/HB02681F.pdf#navpanes=0
HB 2698 ,https://capitol.texas.gov/tlodocs/87R/billtext/pdf/HB02698F.pdf#navpanes=0
HB 2706 ,https://capitol.texas.gov/tlodocs/87R/billtext/pdf/HB02706F.pdf#navpanes=0
HB 2708 ,https://capitol.texas.gov/tlodocs/87R/billtext/pdf/HB02708F.pdf#navpanes=0
HB 2721 ,https://capitol.texas.gov/tlodocs/87R/billtext/pdf/HB02721F.pdf#navpanes=0
HB 2723 ,https://capitol.texas.gov/tlodocs/87R/billtext/pdf/HB02723F.pdf#navpanes=0
HB 2728 ,https://capitol.texas.gov/tlodocs/87R/billtext/pdf/HB02728F.pdf#navpanes=0
HB 2730 ,https://capitol.texas.gov/tlodocs/87R/billtext/pdf/HB02730F.pdf#navpanes=0
HB 2748 ,https://capitol.texas.gov/tlodocs/87R/billtext/pdf/HB02748F.pdf#navpanes=0
HB 2749 ,https://capitol.texas.gov/tlodocs/87R/billtext/pdf/HB02749F.pdf#navpanes=0
HB 2757 ,https://capitol.texas.gov/tlodocs/87R/billtext/pdf/HB02757F.pdf#navpanes=0
HB 2807 ,https://capitol.texas.gov/tlodocs/87R/billtext/pdf/HB02807F.pdf#navpanes=0
HB 2819 ,https://capitol.texas.gov/tlodocs/87R/billtext/pdf/HB02819F.pdf#navpanes=0
HB 2822 ,https://capitol.texas.gov/tlodocs/87R/billtext/pdf/HB02822F.pdf#navpanes=0
HB 2827 ,https://capitol.texas.gov/tlodocs/87R/billtext/pdf/HB02827F.pdf#navpanes=0
HB 2831 ,https://capitol.texas.gov/tlodocs/87R/billtext/pdf/HB02831F.pdf#navpanes=0
HB 2840 ,https://capitol.texas.gov/tlodocs/87R/billtext/pdf/HB02840F.pdf#navpanes=0
HB 2841 ,https://capitol.texas.gov/tlodocs/87R/billtext/pdf/HB02841F.pdf#navpanes=0
HB 2847 ,https://capitol.texas.gov/tlodocs/87R/billtext/pdf/HB02847F.pdf#navpanes=0
HB 2850 ,https://capitol.texas.gov/tlodocs/87R/billtext/pdf/HB02850F.pdf#navpanes=0
HB 2857 ,https://capitol.texas.gov/tlodocs/87R/billtext/pdf/HB02857F.pdf#navpanes=0
HB 2879 ,https://capitol.texas.gov/tlodocs/87R/billtext/pdf/HB02879F.pdf#navpanes=0
HB 2893 ,https://capitol.texas.gov/tlodocs/87R/billtext/pdf/HB02893F.pdf#navpanes=0
HB 2896 ,https://capitol.texas.gov/tlodocs/87R/billtext/pdf/HB02896F.pdf#navpanes=0
HB 2911 ,https://capitol.texas.gov/tlodocs/87R/billtext/pdf/HB02911F.pdf#navpanes=0
HB 2920 ,https://capitol.texas.gov/tlodocs/87R/billtext/pdf/HB02920F.pdf#navpanes=0
HB 2924 ,https://capitol.texas.gov/tlodocs/87R/billtext/pdf/HB02924F.pdf#navpanes=0
HB 2926 ,https://capitol.texas.gov/tlodocs/87R/billtext/pdf/HB02926F.pdf#navpanes=0
HB 2941 ,https://capitol.texas.gov/tlodocs/87R/billtext/pdf/HB02941F.pdf#navpanes=0
HB 2950 ,https://capitol.texas.gov/tlodocs/87R/billtext/pdf/HB02950F.pdf#navpanes=0
HB 3009 ,https://capitol.texas.gov/tlodocs/87R/billtext/pdf/HB03009F.pdf#navpanes=0
HB 3012 ,https://capitol.texas.gov/tlodocs/87R/billtext/pdf/HB03012F.pdf#navpanes=0
HB 3026 ,https://capitol.texas.gov/tlodocs/87R/billtext/pdf/HB03026F.pdf#navpanes=0
HB 3041 ,https://capitol.texas.gov/tlodocs/87R/billtext/pdf/HB03041F.pdf#navpanes=0
HB 3067 ,https://capitol.texas.gov/tlodocs/87R/billtext/pdf/HB03067F.pdf#navpanes=0
HB 3069 ,https://capitol.texas.gov/tlodocs/87R/billtext/pdf/HB03069F.pdf#navpanes=0
HB 3081 ,https://capitol.texas.gov/tlodocs/87R/billtext/pdf/HB03081F.pdf#navpanes=0
HB 3088 ,https://capitol.texas.gov/tlodocs/87R/billtext/pdf/HB03088F.pdf#navpanes=0
HB 3107 ,https://capitol.texas.gov/tlodocs/87R/billtext/pdf/HB03107F.pdf#navpanes=0
HB 3115 ,https://capitol.texas.gov/tlodocs/87R/billtext/pdf/HB03115F.pdf#navpanes=0
HB 3121 ,https://capitol.texas.gov/tlodocs/87R/billtext/pdf/HB03121F.pdf#navpanes=0
HB 3130 ,https://capitol.texas.gov/tlodocs/87R/billtext/pdf/HB03130F.pdf#navpanes=0
HB 3131 ,https://capitol.texas.gov/tlodocs/87R/billtext/pdf/HB03131F.pdf#navpanes=0
HB 3132 ,https://capitol.texas.gov/tlodocs/87R/billtext/pdf/HB03132F.pdf#navpanes=0
HB 3157 ,https://capitol.texas.gov/tlodocs/87R/billtext/pdf/HB03157F.pdf#navpanes=0
HB 3165 ,https://capitol.texas.gov/tlodocs/87R/billtext/pdf/HB03165F.pdf#navpanes=0
HB 3203 ,https://capitol.texas.gov/tlodocs/87R/billtext/pdf/HB03203F.pdf#navpanes=0
HB 3212 ,https://capitol.texas.gov/tlodocs/87R/billtext/pdf/HB03212F.pdf#navpanes=0
HB 3215 ,https://capitol.texas.gov/tlodocs/87R/billtext/pdf/HB03215F.pdf#navpanes=0
HB 3257 ,https://capitol.texas.gov/tlodocs/87R/billtext/pdf/HB03257F.pdf#navpanes=0
HB 3261 ,https://capitol.texas.gov/tlodocs/87R/billtext/pdf/HB03261F.pdf#navpanes=0
HB 3271 ,https://capitol.texas.gov/tlodocs/87R/billtext/pdf/HB03271F.pdf#navpanes=0
HB 3282 ,https://capitol.texas.gov/tlodocs/87R/billtext/pdf/HB03282F.pdf#navpanes=0
HB 3319 ,https://capitol.texas.gov/tlodocs/87R/billtext/pdf/HB03319F.pdf#navpanes=0
HB 3324 ,https://capitol.texas.gov/tlodocs/87R/billtext/pdf/HB03324F.pdf#navpanes=0
HB 3340 ,https://capitol.texas.gov/tlodocs/87R/billtext/pdf/HB03340F.pdf#navpanes=0
HB 3348 ,https://capitol.texas.gov/tlodocs/87R/billtext/pdf/HB03348F.pdf#navpanes=0
HB 3363 ,https://capitol.texas.gov/tlodocs/87R/billtext/pdf/HB03363F.pdf#navpanes=0
HB 3374 ,https://capitol.texas.gov/tlodocs/87R/billtext/pdf/HB03374F.pdf#navpanes=0
HB 3375 ,https://capitol.texas.gov/tlodocs/87R/billtext/pdf/HB03375F.pdf#navpanes=0
HB 3379 ,https://capitol.texas.gov/tlodocs/87R/billtext/pdf/HB03379F.pdf#navpanes=0
HB 3390 ,https://capitol.texas.gov/tlodocs/87R/billtext/pdf/HB03390F.pdf#navpanes=0
HB 3394 ,https://capitol.texas.gov/tlodocs/87R/billtext/pdf/HB03394F.pdf#navpanes=0
HB 3395 ,https://capitol.texas.gov/tlodocs/87R/billtext/pdf/HB03395F.pdf#navpanes=0
HB 3399 ,https://capitol.texas.gov/tlodocs/87R/billtext/pdf/HB03399F.pdf#navpanes=0
HB 3401 ,https://capitol.texas.gov/tlodocs/87R/billtext/pdf/HB03401F.pdf#navpanes=0
HB 3415 ,https://capitol.texas.gov/tlodocs/87R/billtext/pdf/HB03415F.pdf#navpanes=0
HB 3416 ,https://capitol.texas.gov/tlodocs/87R/billtext/pdf/HB03416F.pdf#navpanes=0
HB 3433 ,https://capitol.texas.gov/tlodocs/87R/billtext/pdf/HB03433F.pdf#navpanes=0
HB 3442 ,https://capitol.texas.gov/tlodocs/87R/billtext/pdf/HB03442F.pdf#navpanes=0
HB 3452 ,https://capitol.texas.gov/tlodocs/87R/billtext/pdf/HB03452F.pdf#navpanes=0
HB 3456 ,https://capitol.texas.gov/tlodocs/87R/billtext/pdf/HB03456F.pdf#navpanes=0
HB 3476 ,https://capitol.texas.gov/tlodocs/87R/billtext/pdf/HB03476F.pdf#navpanes=0
HB 3481 ,https://capitol.texas.gov/tlodocs/87R/billtext/pdf/HB03481F.pdf#navpanes=0
HB 3489 ,https://capitol.texas.gov/tlodocs/87R/billtext/pdf/HB03489F.pdf#navpanes=0
HB 3496 ,https://capitol.texas.gov/tlodocs/87R/billtext/pdf/HB03496F.pdf#navpanes=0
HB 3510 ,https://capitol.texas.gov/tlodocs/87R/billtext/pdf/HB03510F.pdf#navpanes=0
HB 3512 ,https://capitol.texas.gov/tlodocs/87R/billtext/pdf/HB03512F.pdf#navpanes=0
HB 3514 ,https://capitol.texas.gov/tlodocs/87R/billtext/pdf/HB03514F.pdf#navpanes=0
HB 3516 ,https://capitol.texas.gov/tlodocs/87R/billtext/pdf/HB03516F.pdf#navpanes=0
HB 3521 ,https://capitol.texas.gov/tlodocs/87R/billtext/pdf/HB03521F.pdf#navpanes=0
HB 3529 ,https://capitol.texas.gov/tlodocs/87R/billtext/pdf/HB03529F.pdf#navpanes=0
HB 3533 ,https://capitol.texas.gov/tlodocs/87R/billtext/pdf/HB03533F.pdf#navpanes=0
HB 3564 ,https://capitol.texas.gov/tlodocs/87R/billtext/pdf/HB03564F.pdf#navpanes=0
HB 3571 ,https://capitol.texas.gov/tlodocs/87R/billtext/pdf/HB03571F.pdf#navpanes=0
HB 3578 ,https://capitol.texas.gov/tlodocs/87R/billtext/pdf/HB03578F.pdf#navpanes=0
HB 3583 ,https://capitol.texas.gov/tlodocs/87R/billtext/pdf/HB03583F.pdf#navpanes=0
HB 3584 ,https://capitol.texas.gov/tlodocs/87R/billtext/pdf/HB03584F.pdf#navpanes=0
HB 3597 ,https://capitol.texas.gov/tlodocs/87R/billtext/pdf/HB03597F.pdf#navpanes=0
HB 3606 ,https://capitol.texas.gov/tlodocs/87R/billtext/pdf/HB03606F.pdf#navpanes=0
HB 3615 ,https://capitol.texas.gov/tlodocs/87R/billtext/pdf/HB03615F.pdf#navpanes=0
HB 3617 ,https://capitol.texas.gov/tlodocs/87R/billtext/pdf/HB03617F.pdf#navpanes=0
HB 3629 ,https://capitol.texas.gov/tlodocs/87R/billtext/pdf/HB03629F.pdf#navpanes=0
HB 3630 ,https://capitol.texas.gov/tlodocs/87R/billtext/pdf/HB03630F.pdf#navpanes=0
HB 3643 ,https://capitol.texas.gov/tlodocs/87R/billtext/pdf/HB03643F.pdf#navpanes=0
HB 3644 ,https://capitol.texas.gov/tlodocs/87R/billtext/pdf/HB03644F.pdf#navpanes=0
HB 3648 ,https://capitol.texas.gov/tlodocs/87R/billtext/pdf/HB03648F.pdf#navpanes=0
HB 3665 ,https://capitol.texas.gov/tlodocs/87R/billtext/pdf/HB03665F.pdf#navpanes=0
HB 3689 ,https://capitol.texas.gov/tlodocs/87R/billtext/pdf/HB03689F.pdf#navpanes=0
HB 3712 ,https://capitol.texas.gov/tlodocs/87R/billtext/pdf/HB03712F.pdf#navpanes=0
HB 3717 ,https://capitol.texas.gov/tlodocs/87R/billtext/pdf/HB03717F.pdf#navpanes=0
HB 3720 ,https://capitol.texas.gov/tlodocs/87R/billtext/pdf/HB03720F.pdf#navpanes=0
HB 3721 ,https://capitol.texas.gov/tlodocs/87R/billtext/pdf/HB03721F.pdf#navpanes=0
HB 3746 ,https://capitol.texas.gov/tlodocs/87R/billtext/pdf/HB03746F.pdf#navpanes=0
HB 3767 ,https://capitol.texas.gov/tlodocs/87R/billtext/pdf/HB03767F.pdf#navpanes=0
HB 3769 ,https://capitol.texas.gov/tlodocs/87R/billtext/pdf/HB03769F.pdf#navpanes=0
HB 3774 ,https://capitol.texas.gov/tlodocs/87R/billtext/pdf/HB03774F.pdf#navpanes=0
HB 3777 ,https://capitol.texas.gov/tlodocs/87R/billtext/pdf/HB03777F.pdf#navpanes=0
HB 3786 ,https://capitol.texas.gov/tlodocs/87R/billtext/pdf/HB03786F.pdf#navpanes=0
HB 3788 ,https://capitol.texas.gov/tlodocs/87R/billtext/pdf/HB03788F.pdf#navpanes=0
HB 3794 ,https://capitol.texas.gov/tlodocs/87R/billtext/pdf/HB03794F.pdf#navpanes=0
HB 3799 ,https://capitol.texas.gov/tlodocs/87R/billtext/pdf/HB03799F.pdf#navpanes=0
HB 3800 ,https://capitol.texas.gov/tlodocs/87R/billtext/pdf/HB03800F.pdf#navpanes=0
HB 3807 ,https://capitol.texas.gov/tlodocs/87R/billtext/pdf/HB03807F.pdf#navpanes=0
HB 3821 ,https://capitol.texas.gov/tlodocs/87R/billtext/pdf/HB03821F.pdf#navpanes=0
HB 3833 ,https://capitol.texas.gov/tlodocs/87R/billtext/pdf/HB03833F.pdf#navpanes=0
HB 3853 ,https://capitol.texas.gov/tlodocs/87R/billtext/pdf/HB03853F.pdf#navpanes=0
HB 3898 ,https://capitol.texas.gov/tlodocs/87R/billtext/pdf/HB03898F.pdf#navpanes=0
HB 3920 ,https://capitol.texas.gov/tlodocs/87R/billtext/pdf/HB03920F.pdf#navpanes=0
HB 3924 ,https://capitol.texas.gov/tlodocs/87R/billtext/pdf/HB03924F.pdf#navpanes=0
HB 3927 ,https://capitol.texas.gov/tlodocs/87R/billtext/pdf/HB03927F.pdf#navpanes=0
HB 3932 ,https://capitol.texas.gov/tlodocs/87R/billtext/pdf/HB03932F.pdf#navpanes=0
HB 3938 ,https://capitol.texas.gov/tlodocs/87R/billtext/pdf/HB03938F.pdf#navpanes=0
HB 3959 ,https://capitol.texas.gov/tlodocs/87R/billtext/pdf/HB03959F.pdf#navpanes=0
HB 3961 ,https://capitol.texas.gov/tlodocs/87R/billtext/pdf/HB03961F.pdf#navpanes=0
HB 3971 ,https://capitol.texas.gov/tlodocs/87R/billtext/pdf/HB03971F.pdf#navpanes=0
HB 3973 ,https://capitol.texas.gov/tlodocs/87R/billtext/pdf/HB03973F.pdf#navpanes=0
HB 3979 ,https://capitol.texas.gov/tlodocs/87R/billtext/pdf/HB03979F.pdf#navpanes=0
HB 4018 ,https://capitol.texas.gov/tlodocs/87R/billtext/pdf/HB04018F.pdf#navpanes=0
HB 4030 ,https://capitol.texas.gov/tlodocs/87R/billtext/pdf/HB04030F.pdf#navpanes=0
HB 4048 ,https://capitol.texas.gov/tlodocs/87R/billtext/pdf/HB04048F.pdf#navpanes=0
HB 4056 ,https://capitol.texas.gov/tlodocs/87R/billtext/pdf/HB04056F.pdf#navpanes=0
HB 4068 ,https://capitol.texas.gov/tlodocs/87R/billtext/pdf/HB04068F.pdf#navpanes=0
HB 4074 ,https://capitol.texas.gov/tlodocs/87R/billtext/pdf/HB04074F.pdf#navpanes=0
HB 4080 ,https://capitol.texas.gov/tlodocs/87R/billtext/pdf/HB04080F.pdf#navpanes=0
HB 4107 ,https://capitol.texas.gov/tlodocs/87R/billtext/pdf/HB04107F.pdf#navpanes=0
HB 4110 ,https://capitol.texas.gov/tlodocs/87R/billtext/pdf/HB04110F.pdf#navpanes=0
HB 4124 ,https://capitol.texas.gov/tlodocs/87R/billtext/pdf/HB04124F.pdf#navpanes=0
HB 4158 ,https://capitol.texas.gov/tlodocs/87R/billtext/pdf/HB04158F.pdf#navpanes=0
HB 4202 ,https://capitol.texas.gov/tlodocs/87R/billtext/pdf/HB04202F.pdf#navpanes=0
HB 4279 ,https://capitol.texas.gov/tlodocs/87R/billtext/pdf/HB04279F.pdf#navpanes=0
HB 4293 ,https://capitol.texas.gov/tlodocs/87R/billtext/pdf/HB04293F.pdf#navpanes=0
HB 4294 ,https://capitol.texas.gov/tlodocs/87R/billtext/pdf/HB04294F.pdf#navpanes=0
HB 4344 ,https://capitol.texas.gov/tlodocs/87R/billtext/pdf/HB04344F.pdf#navpanes=0
HB 4346 ,https://capitol.texas.gov/tlodocs/87R/billtext/pdf/HB04346F.pdf#navpanes=0
HB 4361 ,https://capitol.texas.gov/tlodocs/87R/billtext/pdf/HB04361F.pdf#navpanes=0
HB 4368 ,https://capitol.texas.gov/tlodocs/87R/billtext/pdf/HB04368F.pdf#navpanes=0
HB 4436 ,https://capitol.texas.gov/tlodocs/87R/billtext/pdf/HB04436F.pdf#navpanes=0
HB 4454 ,https://capitol.texas.gov/tlodocs/87R/billtext/pdf/HB04454F.pdf#navpanes=0
HB 4472 ,https://capitol.texas.gov/tlodocs/87R/billtext/pdf/HB04472F.pdf#navpanes=0
HB 4474 ,https://capitol.texas.gov/tlodocs/87R/billtext/pdf/HB04474F.pdf#navpanes=0
HB 4477 ,https://capitol.texas.gov/tlodocs/87R/billtext/pdf/HB04477F.pdf#navpanes=0
HB 4492 ,https://capitol.texas.gov/tlodocs/87R/billtext/pdf/HB04492F.pdf#navpanes=0
HB 4509 ,https://capitol.texas.gov/tlodocs/87R/billtext/pdf/HB04509F.pdf#navpanes=0
HB 4544 ,https://capitol.texas.gov/tlodocs/87R/billtext/pdf/HB04544F.pdf#navpanes=0
HB 4545 ,https://capitol.texas.gov/tlodocs/87R/billtext/pdf/HB04545F.pdf#navpanes=0
HB 4555 ,https://capitol.texas.gov/tlodocs/87R/billtext/pdf/HB04555F.pdf#navpanes=0
HB 4568 ,https://capitol.texas.gov/tlodocs/87R/billtext/pdf/HB04568F.pdf#navpanes=0
HB 4578 ,https://capitol.texas.gov/tlodocs/87R/billtext/pdf/HB04578F.pdf#navpanes=0
HB 4579 ,https://capitol.texas.gov/tlodocs/87R/billtext/pdf/HB04579F.pdf#navpanes=0
HB 4585 ,https://capitol.texas.gov/tlodocs/87R/billtext/pdf/HB04585F.pdf#navpanes=0
HB 4588 ,https://capitol.texas.gov/tlodocs/87R/billtext/pdf/HB04588F.pdf#navpanes=0
HB 4589 ,https://capitol.texas.gov/tlodocs/87R/billtext/pdf/HB04589F.pdf#navpanes=0
HB 4591 ,https://capitol.texas.gov/tlodocs/87R/billtext/pdf/HB04591F.pdf#navpanes=0
HB 4592 ,https://capitol.texas.gov/tlodocs/87R/billtext/pdf/HB04592F.pdf#navpanes=0
HB 4594 ,https://capitol.texas.gov/tlodocs/87R/billtext/pdf/HB04594F.pdf#navpanes=0
HB 4610 ,https://capitol.texas.gov/tlodocs/87R/billtext/pdf/HB04610F.pdf#navpanes=0
HB 4617 ,https://capitol.texas.gov/tlodocs/87R/billtext/pdf/HB04617F.pdf#navpanes=0
HB 4663 ,https://capitol.texas.gov/tlodocs/87R/billtext/pdf/HB04663F.pdf#navpanes=0
HB 4664 ,https://capitol.texas.gov/tlodocs/87R/billtext/pdf/HB04664F.pdf#navpanes=0
HCR 1    ,https://capitol.texas.gov/tlodocs/87R/billtext/pdf/HC00001F.pdf#navpanes=0
HCR 5    ,https://capitol.texas.gov/tlodocs/87R/billtext/pdf/HC00005F.pdf#navpanes=0
HCR 24   ,https://capitol.texas.gov/tlodocs/87R/billtext/pdf/HC00024F.pdf#navpanes=0
HCR 25   ,https://capitol.texas.gov/tlodocs/87R/billtext/pdf/HC00025F.pdf#navpanes=0
HCR 29   ,https://capitol.texas.gov/tlodocs/87R/billtext/pdf/HC00029F.pdf#navpanes=0
HCR 30   ,https://capitol.texas.gov/tlodocs/87R/billtext/pdf/HC00030F.pdf#navpanes=0
HCR 46   ,https://capitol.texas.gov/tlodocs/87R/billtext/pdf/HC00046F.pdf#navpanes=0
HCR 51   ,https://capitol.texas.gov/tlodocs/87R/billtext/pdf/HC00051F.pdf#navpanes=0
HCR 54   ,https://capitol.texas.gov/tlodocs/87R/billtext/pdf/HC00054F.pdf#navpanes=0
HCR 61   ,https://capitol.texas.gov/tlodocs/87R/billtext/pdf/HC00061F.pdf#navpanes=0
HCR 62   ,https://capitol.texas.gov/tlodocs/87R/billtext/pdf/HC00062F.pdf#navpanes=0
HCR 67   ,https://capitol.texas.gov/tlodocs/87R/billtext/pdf/HC00067F.pdf#navpanes=0
HCR 68   ,https://capitol.texas.gov/tlodocs/87R/billtext/pdf/HC00068F.pdf#navpanes=0
HCR 69   ,https://capitol.texas.gov/tlodocs/87R/billtext/pdf/HC00069F.pdf#navpanes=0
HCR 70   ,https://capitol.texas.gov/tlodocs/87R/billtext/pdf/HC00070F.pdf#navpanes=0
HCR 74   ,https://capitol.texas.gov/tlodocs/87R/billtext/pdf/HC00074F.pdf#navpanes=0
HCR 75   ,https://capitol.texas.gov/tlodocs/87R/billtext/pdf/HC00075F.pdf#navpanes=0
HCR 77   ,https://capitol.texas.gov/tlodocs/87R/billtext/pdf/HC00077F.pdf#navpanes=0
HCR 78   ,https://capitol.texas.gov/tlodocs/87R/billtext/pdf/HC00078F.pdf#navpanes=0
HCR 80   ,https://capitol.texas.gov/tlodocs/87R/billtext/pdf/HC00080F.pdf#navpanes=0
HCR 81   ,https://capitol.texas.gov/tlodocs/87R/billtext/pdf/HC00081F.pdf#navpanes=0
HCR 82   ,https://capitol.texas.gov/tlodocs/87R/billtext/pdf/HC00082F.pdf#navpanes=0
HCR 84   ,https://capitol.texas.gov/tlodocs/87R/billtext/pdf/HC00084F.pdf#navpanes=0
HCR 86   ,https://capitol.texas.gov/tlodocs/87R/billtext/pdf/HC00086F.pdf#navpanes=0
HCR 87   ,https://capitol.texas.gov/tlodocs/87R/billtext/pdf/HC00087F.pdf#navpanes=0
HCR 88   ,https://capitol.texas.gov/tlodocs/87R/billtext/pdf/HC00088F.pdf#navpanes=0
HCR 90   ,https://capitol.texas.gov/tlodocs/87R/billtext/pdf/HC00090F.pdf#navpanes=0
HCR 92   ,https://capitol.texas.gov/tlodocs/87R/billtext/pdf/HC00092F.pdf#navpanes=0
HCR 93   ,https://capitol.texas.gov/tlodocs/87R/billtext/pdf/HC00093F.pdf#navpanes=0
HCR 94   ,https://capitol.texas.gov/tlodocs/87R/billtext/pdf/HC00094F.pdf#navpanes=0
HCR 95   ,https://capitol.texas.gov/tlodocs/87R/billtext/pdf/HC00095F.pdf#navpanes=0
HCR 96   ,https://capitol.texas.gov/tlodocs/87R/billtext/pdf/HC00096F.pdf#navpanes=0
HCR 97   ,https://capitol.texas.gov/tlodocs/87R/billtext/pdf/HC00097F.pdf#navpanes=0
HCR 98   ,https://capitol.texas.gov/tlodocs/87R/billtext/pdf/HC00098F.pdf#navpanes=0
HCR 99   ,https://capitol.texas.gov/tlodocs/87R/billtext/pdf/HC00099F.pdf#navpanes=0
HCR 100  ,https://capitol.texas.gov/tlodocs/87R/billtext/pdf/HC00100F.pdf#navpanes=0
HCR 102  ,https://capitol.texas.gov/tlodocs/87R/billtext/pdf/HC00102F.pdf#navpanes=0
HCR 106  ,https://capitol.texas.gov/tlodocs/87R/billtext/pdf/HC00106F.pdf#navpanes=0
HCR 107  ,https://capitol.texas.gov/tlodocs/87R/billtext/pdf/HC00107F.pdf#navpanes=0
HCR 108  ,https://capitol.texas.gov/tlodocs/87R/billtext/pdf/HC00108F.pdf#navpanes=0
HCR 109  ,https://capitol.texas.gov/tlodocs/87R/billtext/pdf/HC00109F.pdf#navpanes=0
HCR 110  ,https://capitol.texas.gov/tlodocs/87R/billtext/pdf/HC00110F.pdf#navpanes=0
HCR 111  ,https://capitol.texas.gov/tlodocs/87R/billtext/pdf/HC00111F.pdf#navpanes=0
HCR 113  ,https://capitol.texas.gov/tlodocs/87R/billtext/pdf/HC00113F.pdf#navpanes=0
SB 1    ,https://capitol.texas.gov/tlodocs/87R/billtext/pdf/SB00001F.pdf#navpanes=0
SB 2    ,https://capitol.texas.gov/tlodocs/87R/billtext/pdf/SB00002F.pdf#navpanes=0
SB 3    ,https://capitol.texas.gov/tlodocs/87R/billtext/pdf/SB00003F.pdf#navpanes=0
SB 4    ,https://capitol.texas.gov/tlodocs/87R/billtext/pdf/SB00004F.pdf#navpanes=0
SB 6    ,https://capitol.texas.gov/tlodocs/87R/billtext/pdf/SB00006F.pdf#navpanes=0
SB 8    ,https://capitol.texas.gov/tlodocs/87R/billtext/pdf/SB00008F.pdf#navpanes=0
SB 13   ,https://capitol.texas.gov/tlodocs/87R/billtext/pdf/SB00013F.pdf#navpanes=0
SB 15   ,https://capitol.texas.gov/tlodocs/87R/billtext/pdf/SB00015F.pdf#navpanes=0
SB 19   ,https://capitol.texas.gov/tlodocs/87R/billtext/pdf/SB00019F.pdf#navpanes=0
SB 20   ,https://capitol.texas.gov/tlodocs/87R/billtext/pdf/SB00020F.pdf#navpanes=0
SB 22   ,https://capitol.texas.gov/tlodocs/87R/billtext/pdf/SB00022F.pdf#navpanes=0
SB 23   ,https://capitol.texas.gov/tlodocs/87R/billtext/pdf/SB00023F.pdf#navpanes=0
SB 24   ,https://capitol.texas.gov/tlodocs/87R/billtext/pdf/SB00024F.pdf#navpanes=0
SB 25   ,https://capitol.texas.gov/tlodocs/87R/billtext/pdf/SB00025F.pdf#navpanes=0
SB 30   ,https://capitol.texas.gov/tlodocs/87R/billtext/pdf/SB00030F.pdf#navpanes=0
SB 40   ,https://capitol.texas.gov/tlodocs/87R/billtext/pdf/SB00040F.pdf#navpanes=0
SB 43   ,https://capitol.texas.gov/tlodocs/87R/billtext/pdf/SB00043F.pdf#navpanes=0
SB 44   ,https://capitol.texas.gov/tlodocs/87R/billtext/pdf/SB00044F.pdf#navpanes=0
SB 45   ,https://capitol.texas.gov/tlodocs/87R/billtext/pdf/SB00045F.pdf#navpanes=0
SB 48   ,https://capitol.texas.gov/tlodocs/87R/billtext/pdf/SB00048F.pdf#navpanes=0
SB 49   ,https://capitol.texas.gov/tlodocs/87R/billtext/pdf/SB00049F.pdf#navpanes=0
SB 50   ,https://capitol.texas.gov/tlodocs/87R/billtext/pdf/SB00050F.pdf#navpanes=0
SB 56   ,https://capitol.texas.gov/tlodocs/87R/billtext/pdf/SB00056F.pdf#navpanes=0
SB 58   ,https://capitol.texas.gov/tlodocs/87R/billtext/pdf/SB00058F.pdf#navpanes=0
SB 59   ,https://capitol.texas.gov/tlodocs/87R/billtext/pdf/SB00059F.pdf#navpanes=0
SB 62   ,https://capitol.texas.gov/tlodocs/87R/billtext/pdf/SB00062F.pdf#navpanes=0
SB 63   ,https://capitol.texas.gov/tlodocs/87R/billtext/pdf/SB00063F.pdf#navpanes=0
SB 64   ,https://capitol.texas.gov/tlodocs/87R/billtext/pdf/SB00064F.pdf#navpanes=0
SB 69   ,https://capitol.texas.gov/tlodocs/87R/billtext/pdf/SB00069F.pdf#navpanes=0
SB 73   ,https://capitol.texas.gov/tlodocs/87R/billtext/pdf/SB00073F.pdf#navpanes=0
SB 89   ,https://capitol.texas.gov/tlodocs/87R/billtext/pdf/SB00089F.pdf#navpanes=0
SB 109  ,https://capitol.texas.gov/tlodocs/87R/billtext/pdf/SB00109F.pdf#navpanes=0
SB 111  ,https://capitol.texas.gov/tlodocs/87R/billtext/pdf/SB00111F.pdf#navpanes=0
SB 112  ,https://capitol.texas.gov/tlodocs/87R/billtext/pdf/SB00112F.pdf#navpanes=0
SB 123  ,https://capitol.texas.gov/tlodocs/87R/billtext/pdf/SB00123F.pdf#navpanes=0
SB 149  ,https://capitol.texas.gov/tlodocs/87R/billtext/pdf/SB00149F.pdf#navpanes=0
SB 153  ,https://capitol.texas.gov/tlodocs/87R/billtext/pdf/SB00153F.pdf#navpanes=0
SB 157  ,https://capitol.texas.gov/tlodocs/87R/billtext/pdf/SB00157F.pdf#navpanes=0
SB 160  ,https://capitol.texas.gov/tlodocs/87R/billtext/pdf/SB00160F.pdf#navpanes=0
SB 162  ,https://capitol.texas.gov/tlodocs/87R/billtext/pdf/SB00162F.pdf#navpanes=0
SB 165  ,https://capitol.texas.gov/tlodocs/87R/billtext/pdf/SB00165F.pdf#navpanes=0
SB 168  ,https://capitol.texas.gov/tlodocs/87R/billtext/pdf/SB00168F.pdf#navpanes=0
SB 179  ,https://capitol.texas.gov/tlodocs/87R/billtext/pdf/SB00179F.pdf#navpanes=0
SB 181  ,https://capitol.texas.gov/tlodocs/87R/billtext/pdf/SB00181F.pdf#navpanes=0
SB 184  ,https://capitol.texas.gov/tlodocs/87R/billtext/pdf/SB00184F.pdf#navpanes=0
SB 186  ,https://capitol.texas.gov/tlodocs/87R/billtext/pdf/SB00186F.pdf#navpanes=0
SB 195  ,https://capitol.texas.gov/tlodocs/87R/billtext/pdf/SB00195F.pdf#navpanes=0
SB 197  ,https://capitol.texas.gov/tlodocs/87R/billtext/pdf/SB00197F.pdf#navpanes=0
SB 198  ,https://capitol.texas.gov/tlodocs/87R/billtext/pdf/SB00198F.pdf#navpanes=0
SB 199  ,https://capitol.texas.gov/tlodocs/87R/billtext/pdf/SB00199F.pdf#navpanes=0
SB 202  ,https://capitol.texas.gov/tlodocs/87R/billtext/pdf/SB00202F.pdf#navpanes=0
SB 204  ,https://capitol.texas.gov/tlodocs/87R/billtext/pdf/SB00204F.pdf#navpanes=0
SB 211  ,https://capitol.texas.gov/tlodocs/87R/billtext/pdf/SB00211F.pdf#navpanes=0
SB 219  ,https://capitol.texas.gov/tlodocs/87R/billtext/pdf/SB00219F.pdf#navpanes=0
SB 220  ,https://capitol.texas.gov/tlodocs/87R/billtext/pdf/SB00220F.pdf#navpanes=0
SB 224  ,https://capitol.texas.gov/tlodocs/87R/billtext/pdf/SB00224F.pdf#navpanes=0
SB 225  ,https://capitol.texas.gov/tlodocs/87R/billtext/pdf/SB00225F.pdf#navpanes=0
SB 226  ,https://capitol.texas.gov/tlodocs/87R/billtext/pdf/SB00226F.pdf#navpanes=0
SB 230  ,https://capitol.texas.gov/tlodocs/87R/billtext/pdf/SB00230F.pdf#navpanes=0
SB 231  ,https://capitol.texas.gov/tlodocs/87R/billtext/pdf/SB00231F.pdf#navpanes=0
SB 239  ,https://capitol.texas.gov/tlodocs/87R/billtext/pdf/SB00239F.pdf#navpanes=0
SB 244  ,https://capitol.texas.gov/tlodocs/87R/billtext/pdf/SB00244F.pdf#navpanes=0
SB 263  ,https://capitol.texas.gov/tlodocs/87R/billtext/pdf/SB00263F.pdf#navpanes=0
SB 270  ,https://capitol.texas.gov/tlodocs/87R/billtext/pdf/SB00270F.pdf#navpanes=0
SB 271  ,https://capitol.texas.gov/tlodocs/87R/billtext/pdf/SB00271F.pdf#navpanes=0
SB 279  ,https://capitol.texas.gov/tlodocs/87R/billtext/pdf/SB00279F.pdf#navpanes=0
SB 280  ,https://capitol.texas.gov/tlodocs/87R/billtext/pdf/SB00280F.pdf#navpanes=0
SB 282  ,https://capitol.texas.gov/tlodocs/87R/billtext/pdf/SB00282F.pdf#navpanes=0
SB 284  ,https://capitol.texas.gov/tlodocs/87R/billtext/pdf/SB00284F.pdf#navpanes=0
SB 285  ,https://capitol.texas.gov/tlodocs/87R/billtext/pdf/SB00285F.pdf#navpanes=0
SB 286  ,https://capitol.texas.gov/tlodocs/87R/billtext/pdf/SB00286F.pdf#navpanes=0
SB 288  ,https://capitol.texas.gov/tlodocs/87R/billtext/pdf/SB00288F.pdf#navpanes=0
SB 289  ,https://capitol.texas.gov/tlodocs/87R/billtext/pdf/SB00289F.pdf#navpanes=0
SB 291  ,https://capitol.texas.gov/tlodocs/87R/billtext/pdf/SB00291F.pdf#navpanes=0
SB 295  ,https://capitol.texas.gov/tlodocs/87R/billtext/pdf/SB00295F.pdf#navpanes=0
SB 296  ,https://capitol.texas.gov/tlodocs/87R/billtext/pdf/SB00296F.pdf#navpanes=0
SB 297  ,https://capitol.texas.gov/tlodocs/87R/billtext/pdf/SB00297F.pdf#navpanes=0
SB 312  ,https://capitol.texas.gov/tlodocs/87R/billtext/pdf/SB00312F.pdf#navpanes=0
SB 313  ,https://capitol.texas.gov/tlodocs/87R/billtext/pdf/SB00313F.pdf#navpanes=0
SB 315  ,https://capitol.texas.gov/tlodocs/87R/billtext/pdf/SB00315F.pdf#navpanes=0
SB 318  ,https://capitol.texas.gov/tlodocs/87R/billtext/pdf/SB00318F.pdf#navpanes=0
SB 321  ,https://capitol.texas.gov/tlodocs/87R/billtext/pdf/SB00321F.pdf#navpanes=0
SB 331  ,https://capitol.texas.gov/tlodocs/87R/billtext/pdf/SB00331F.pdf#navpanes=0
SB 334  ,https://capitol.texas.gov/tlodocs/87R/billtext/pdf/SB00334F.pdf#navpanes=0
SB 335  ,https://capitol.texas.gov/tlodocs/87R/billtext/pdf/SB00335F.pdf#navpanes=0
SB 337  ,https://capitol.texas.gov/tlodocs/87R/billtext/pdf/SB00337F.pdf#navpanes=0
SB 338  ,https://capitol.texas.gov/tlodocs/87R/billtext/pdf/SB00338F.pdf#navpanes=0
SB 346  ,https://capitol.texas.gov/tlodocs/87R/billtext/pdf/SB00346F.pdf#navpanes=0
SB 348  ,https://capitol.texas.gov/tlodocs/87R/billtext/pdf/SB00348F.pdf#navpanes=0
SB 369  ,https://capitol.texas.gov/tlodocs/87R/billtext/pdf/SB00369F.pdf#navpanes=0
SB 374  ,https://capitol.texas.gov/tlodocs/87R/billtext/pdf/SB00374F.pdf#navpanes=0
SB 383  ,https://capitol.texas.gov/tlodocs/87R/billtext/pdf/SB00383F.pdf#navpanes=0
SB 387  ,https://capitol.texas.gov/tlodocs/87R/billtext/pdf/SB00387F.pdf#navpanes=0
SB 390  ,https://capitol.texas.gov/tlodocs/87R/billtext/pdf/SB00390F.pdf#navpanes=0
SB 398  ,https://capitol.texas.gov/tlodocs/87R/billtext/pdf/SB00398F.pdf#navpanes=0
SB 403  ,https://capitol.texas.gov/tlodocs/87R/billtext/pdf/SB00403F.pdf#navpanes=0
SB 415  ,https://capitol.texas.gov/tlodocs/87R/billtext/pdf/SB00415F.pdf#navpanes=0
SB 424  ,https://capitol.texas.gov/tlodocs/87R/billtext/pdf/SB00424F.pdf#navpanes=0
SB 437  ,https://capitol.texas.gov/tlodocs/87R/billtext/pdf/SB00437F.pdf#navpanes=0
SB 445  ,https://capitol.texas.gov/tlodocs/87R/billtext/pdf/SB00445F.pdf#navpanes=0
SB 452  ,https://capitol.texas.gov/tlodocs/87R/billtext/pdf/SB00452F.pdf#navpanes=0
SB 454  ,https://capitol.texas.gov/tlodocs/87R/billtext/pdf/SB00454F.pdf#navpanes=0
SB 456  ,https://capitol.texas.gov/tlodocs/87R/billtext/pdf/SB00456F.pdf#navpanes=0
SB 460  ,https://capitol.texas.gov/tlodocs/87R/billtext/pdf/SB00460F.pdf#navpanes=0
SB 462  ,https://capitol.texas.gov/tlodocs/87R/billtext/pdf/SB00462F.pdf#navpanes=0
SB 464  ,https://capitol.texas.gov/tlodocs/87R/billtext/pdf/SB00464F.pdf#navpanes=0
SB 475  ,https://capitol.texas.gov/tlodocs/87R/billtext/pdf/SB00475F.pdf#navpanes=0
SB 476  ,https://capitol.texas.gov/tlodocs/87R/billtext/pdf/SB00476F.pdf#navpanes=0
SB 477  ,https://capitol.texas.gov/tlodocs/87R/billtext/pdf/SB00477F.pdf#navpanes=0
SB 479  ,https://capitol.texas.gov/tlodocs/87R/billtext/pdf/SB00479F.pdf#navpanes=0
SB 480  ,https://capitol.texas.gov/tlodocs/87R/billtext/pdf/SB00480F.pdf#navpanes=0
SB 481  ,https://capitol.texas.gov/tlodocs/87R/billtext/pdf/SB00481F.pdf#navpanes=0
SB 483  ,https://capitol.texas.gov/tlodocs/87R/billtext/pdf/SB00483F.pdf#navpanes=0
SB 484  ,https://capitol.texas.gov/tlodocs/87R/billtext/pdf/SB00484F.pdf#navpanes=0
SB 500  ,https://capitol.texas.gov/tlodocs/87R/billtext/pdf/SB00500F.pdf#navpanes=0
SB 507  ,https://capitol.texas.gov/tlodocs/87R/billtext/pdf/SB00507F.pdf#navpanes=0
SB 510  ,https://capitol.texas.gov/tlodocs/87R/billtext/pdf/SB00510F.pdf#navpanes=0
SB 511  ,https://capitol.texas.gov/tlodocs/87R/billtext/pdf/SB00511F.pdf#navpanes=0
SB 516  ,https://capitol.texas.gov/tlodocs/87R/billtext/pdf/SB00516F.pdf#navpanes=0
SB 530  ,https://capitol.texas.gov/tlodocs/87R/billtext/pdf/SB00530F.pdf#navpanes=0
SB 538  ,https://capitol.texas.gov/tlodocs/87R/billtext/pdf/SB00538F.pdf#navpanes=0
SB 550  ,https://capitol.texas.gov/tlodocs/87R/billtext/pdf/SB00550F.pdf#navpanes=0
SB 560  ,https://capitol.texas.gov/tlodocs/87R/billtext/pdf/SB00560F.pdf#navpanes=0
SB 567  ,https://capitol.texas.gov/tlodocs/87R/billtext/pdf/SB00567F.pdf#navpanes=0
SB 572  ,https://capitol.texas.gov/tlodocs/87R/billtext/pdf/SB00572F.pdf#navpanes=0
SB 576  ,https://capitol.texas.gov/tlodocs/87R/billtext/pdf/SB00576F.pdf#navpanes=0
SB 581  ,https://capitol.texas.gov/tlodocs/87R/billtext/pdf/SB00581F.pdf#navpanes=0
SB 586  ,https://capitol.texas.gov/tlodocs/87R/billtext/pdf/SB00586F.pdf#navpanes=0
SB 598  ,https://capitol.texas.gov/tlodocs/87R/billtext/pdf/SB00598F.pdf#navpanes=0
SB 599  ,https://capitol.texas.gov/tlodocs/87R/billtext/pdf/SB00599F.pdf#navpanes=0
SB 600  ,https://capitol.texas.gov/tlodocs/87R/billtext/pdf/SB00600F.pdf#navpanes=0
SB 601  ,https://capitol.texas.gov/tlodocs/87R/billtext/pdf/SB00601F.pdf#navpanes=0
SB 604  ,https://capitol.texas.gov/tlodocs/87R/billtext/pdf/SB00604F.pdf#navpanes=0
SB 609  ,https://capitol.texas.gov/tlodocs/87R/billtext/pdf/SB00609F.pdf#navpanes=0
SB 611  ,https://capitol.texas.gov/tlodocs/87R/billtext/pdf/SB00611F.pdf#navpanes=0
SB 615  ,https://capitol.texas.gov/tlodocs/87R/billtext/pdf/SB00615F.pdf#navpanes=0
SB 617  ,https://capitol.texas.gov/tlodocs/87R/billtext/pdf/SB00617F.pdf#navpanes=0
SB 623  ,https://capitol.texas.gov/tlodocs/87R/billtext/pdf/SB00623F.pdf#navpanes=0
SB 626  ,https://capitol.texas.gov/tlodocs/87R/billtext/pdf/SB00626F.pdf#navpanes=0
SB 632  ,https://capitol.texas.gov/tlodocs/87R/billtext/pdf/SB00632F.pdf#navpanes=0
SB 633  ,https://capitol.texas.gov/tlodocs/87R/billtext/pdf/SB00633F.pdf#navpanes=0
SB 634  ,https://capitol.texas.gov/tlodocs/87R/billtext/pdf/SB00634F.pdf#navpanes=0
SB 635  ,https://capitol.texas.gov/tlodocs/87R/billtext/pdf/SB00635F.pdf#navpanes=0
SB 640  ,https://capitol.texas.gov/tlodocs/87R/billtext/pdf/SB00640F.pdf#navpanes=0
SB 642  ,https://capitol.texas.gov/tlodocs/87R/billtext/pdf/SB00642F.pdf#navpanes=0
SB 669  ,https://capitol.texas.gov/tlodocs/87R/billtext/pdf/SB00669F.pdf#navpanes=0
SB 672  ,https://capitol.texas.gov/tlodocs/87R/billtext/pdf/SB00672F.pdf#navpanes=0
SB 675  ,https://capitol.texas.gov/tlodocs/87R/billtext/pdf/SB00675F.pdf#navpanes=0
SB 678  ,https://capitol.texas.gov/tlodocs/87R/billtext/pdf/SB00678F.pdf#navpanes=0
SB 692  ,https://capitol.texas.gov/tlodocs/87R/billtext/pdf/SB00692F.pdf#navpanes=0
SB 695  ,https://capitol.texas.gov/tlodocs/87R/billtext/pdf/SB00695F.pdf#navpanes=0
SB 700  ,https://capitol.texas.gov/tlodocs/87R/billtext/pdf/SB00700F.pdf#navpanes=0
SB 702  ,https://capitol.texas.gov/tlodocs/87R/billtext/pdf/SB00702F.pdf#navpanes=0
SB 703  ,https://capitol.texas.gov/tlodocs/87R/billtext/pdf/SB00703F.pdf#navpanes=0
SB 705  ,https://capitol.texas.gov/tlodocs/87R/billtext/pdf/SB00705F.pdf#navpanes=0
SB 707  ,https://capitol.texas.gov/tlodocs/87R/billtext/pdf/SB00707F.pdf#navpanes=0
SB 709  ,https://capitol.texas.gov/tlodocs/87R/billtext/pdf/SB00709F.pdf#navpanes=0
SB 713  ,https://capitol.texas.gov/tlodocs/87R/billtext/pdf/SB00713F.pdf#navpanes=0
SB 721  ,https://capitol.texas.gov/tlodocs/87R/billtext/pdf/SB00721F.pdf#navpanes=0
SB 725  ,https://capitol.texas.gov/tlodocs/87R/billtext/pdf/SB00725F.pdf#navpanes=0
SB 726  ,https://capitol.texas.gov/tlodocs/87R/billtext/pdf/SB00726F.pdf#navpanes=0
SB 730  ,https://capitol.texas.gov/tlodocs/87R/billtext/pdf/SB00730F.pdf#navpanes=0
SB 741  ,https://capitol.texas.gov/tlodocs/87R/billtext/pdf/SB00741F.pdf#navpanes=0
SB 742  ,https://capitol.texas.gov/tlodocs/87R/billtext/pdf/SB00742F.pdf#navpanes=0
SB 746  ,https://capitol.texas.gov/tlodocs/87R/billtext/pdf/SB00746F.pdf#navpanes=0
SB 760  ,https://capitol.texas.gov/tlodocs/87R/billtext/pdf/SB00760F.pdf#navpanes=0
SB 763  ,https://capitol.texas.gov/tlodocs/87R/billtext/pdf/SB00763F.pdf#navpanes=0
SB 764  ,https://capitol.texas.gov/tlodocs/87R/billtext/pdf/SB00764F.pdf#navpanes=0
SB 766  ,https://capitol.texas.gov/tlodocs/87R/billtext/pdf/SB00766F.pdf#navpanes=0
SB 768  ,https://capitol.texas.gov/tlodocs/87R/billtext/pdf/SB00768F.pdf#navpanes=0
SB 770  ,https://capitol.texas.gov/tlodocs/87R/billtext/pdf/SB00770F.pdf#navpanes=0
SB 776  ,https://capitol.texas.gov/tlodocs/87R/billtext/pdf/SB00776F.pdf#navpanes=0
SB 780  ,https://capitol.texas.gov/tlodocs/87R/billtext/pdf/SB00780F.pdf#navpanes=0
SB 782  ,https://capitol.texas.gov/tlodocs/87R/billtext/pdf/SB00782F.pdf#navpanes=0
SB 783  ,https://capitol.texas.gov/tlodocs/87R/billtext/pdf/SB00783F.pdf#navpanes=0
SB 785  ,https://capitol.texas.gov/tlodocs/87R/billtext/pdf/SB00785F.pdf#navpanes=0
SB 787  ,https://capitol.texas.gov/tlodocs/87R/billtext/pdf/SB00787F.pdf#navpanes=0
SB 788  ,https://capitol.texas.gov/tlodocs/87R/billtext/pdf/SB00788F.pdf#navpanes=0
SB 790  ,https://capitol.texas.gov/tlodocs/87R/billtext/pdf/SB00790F.pdf#navpanes=0
SB 791  ,https://capitol.texas.gov/tlodocs/87R/billtext/pdf/SB00791F.pdf#navpanes=0
SB 792  ,https://capitol.texas.gov/tlodocs/87R/billtext/pdf/SB00792F.pdf#navpanes=0
SB 793  ,https://capitol.texas.gov/tlodocs/87R/billtext/pdf/SB00793F.pdf#navpanes=0
SB 794  ,https://capitol.texas.gov/tlodocs/87R/billtext/pdf/SB00794F.pdf#navpanes=0
SB 795  ,https://capitol.texas.gov/tlodocs/87R/billtext/pdf/SB00795F.pdf#navpanes=0
SB 797  ,https://capitol.texas.gov/tlodocs/87R/billtext/pdf/SB00797F.pdf#navpanes=0
SB 798  ,https://capitol.texas.gov/tlodocs/87R/billtext/pdf/SB00798F.pdf#navpanes=0
SB 799  ,https://capitol.texas.gov/tlodocs/87R/billtext/pdf/SB00799F.pdf#navpanes=0
SB 800  ,https://capitol.texas.gov/tlodocs/87R/billtext/pdf/SB00800F.pdf#navpanes=0
SB 801  ,https://capitol.texas.gov/tlodocs/87R/billtext/pdf/SB00801F.pdf#navpanes=0
SB 804  ,https://capitol.texas.gov/tlodocs/87R/billtext/pdf/SB00804F.pdf#navpanes=0
SB 809  ,https://capitol.texas.gov/tlodocs/87R/billtext/pdf/SB00809F.pdf#navpanes=0
SB 818  ,https://capitol.texas.gov/tlodocs/87R/billtext/pdf/SB00818F.pdf#navpanes=0
SB 827  ,https://capitol.texas.gov/tlodocs/87R/billtext/pdf/SB00827F.pdf#navpanes=0
SB 833  ,https://capitol.texas.gov/tlodocs/87R/billtext/pdf/SB00833F.pdf#navpanes=0
SB 841  ,https://capitol.texas.gov/tlodocs/87R/billtext/pdf/SB00841F.pdf#navpanes=0
SB 851  ,https://capitol.texas.gov/tlodocs/87R/billtext/pdf/SB00851F.pdf#navpanes=0
SB 855  ,https://capitol.texas.gov/tlodocs/87R/billtext/pdf/SB00855F.pdf#navpanes=0
SB 858  ,https://capitol.texas.gov/tlodocs/87R/billtext/pdf/SB00858F.pdf#navpanes=0
SB 860  ,https://capitol.texas.gov/tlodocs/87R/billtext/pdf/SB00860F.pdf#navpanes=0
SB 863  ,https://capitol.texas.gov/tlodocs/87R/billtext/pdf/SB00863F.pdf#navpanes=0
SB 872  ,https://capitol.texas.gov/tlodocs/87R/billtext/pdf/SB00872F.pdf#navpanes=0
SB 873  ,https://capitol.texas.gov/tlodocs/87R/billtext/pdf/SB00873F.pdf#navpanes=0
SB 874  ,https://capitol.texas.gov/tlodocs/87R/billtext/pdf/SB00874F.pdf#navpanes=0
SB 876  ,https://capitol.texas.gov/tlodocs/87R/billtext/pdf/SB00876F.pdf#navpanes=0
SB 877  ,https://capitol.texas.gov/tlodocs/87R/billtext/pdf/SB00877F.pdf#navpanes=0
SB 879  ,https://capitol.texas.gov/tlodocs/87R/billtext/pdf/SB00879F.pdf#navpanes=0
SB 884  ,https://capitol.texas.gov/tlodocs/87R/billtext/pdf/SB00884F.pdf#navpanes=0
SB 885  ,https://capitol.texas.gov/tlodocs/87R/billtext/pdf/SB00885F.pdf#navpanes=0
SB 886  ,https://capitol.texas.gov/tlodocs/87R/billtext/pdf/SB00886F.pdf#navpanes=0
SB 900  ,https://capitol.texas.gov/tlodocs/87R/billtext/pdf/SB00900F.pdf#navpanes=0
SB 901  ,https://capitol.texas.gov/tlodocs/87R/billtext/pdf/SB00901F.pdf#navpanes=0
SB 903  ,https://capitol.texas.gov/tlodocs/87R/billtext/pdf/SB00903F.pdf#navpanes=0
SB 904  ,https://capitol.texas.gov/tlodocs/87R/billtext/pdf/SB00904F.pdf#navpanes=0
SB 905  ,https://capitol.texas.gov/tlodocs/87R/billtext/pdf/SB00905F.pdf#navpanes=0
SB 906  ,https://capitol.texas.gov/tlodocs/87R/billtext/pdf/SB00906F.pdf#navpanes=0
SB 907  ,https://capitol.texas.gov/tlodocs/87R/billtext/pdf/SB00907F.pdf#navpanes=0
SB 910  ,https://capitol.texas.gov/tlodocs/87R/billtext/pdf/SB00910F.pdf#navpanes=0
SB 911  ,https://capitol.texas.gov/tlodocs/87R/billtext/pdf/SB00911F.pdf#navpanes=0
SB 916  ,https://capitol.texas.gov/tlodocs/87R/billtext/pdf/SB00916F.pdf#navpanes=0
SB 918  ,https://capitol.texas.gov/tlodocs/87R/billtext/pdf/SB00918F.pdf#navpanes=0
SB 922  ,https://capitol.texas.gov/tlodocs/87R/billtext/pdf/SB00922F.pdf#navpanes=0
SB 930  ,https://capitol.texas.gov/tlodocs/87R/billtext/pdf/SB00930F.pdf#navpanes=0
SB 937  ,https://capitol.texas.gov/tlodocs/87R/billtext/pdf/SB00937F.pdf#navpanes=0
SB 938  ,https://capitol.texas.gov/tlodocs/87R/billtext/pdf/SB00938F.pdf#navpanes=0
SB 941  ,https://capitol.texas.gov/tlodocs/87R/billtext/pdf/SB00941F.pdf#navpanes=0
SB 952  ,https://capitol.texas.gov/tlodocs/87R/billtext/pdf/SB00952F.pdf#navpanes=0
SB 957  ,https://capitol.texas.gov/tlodocs/87R/billtext/pdf/SB00957F.pdf#navpanes=0
SB 959  ,https://capitol.texas.gov/tlodocs/87R/billtext/pdf/SB00959F.pdf#navpanes=0
SB 965  ,https://capitol.texas.gov/tlodocs/87R/billtext/pdf/SB00965F.pdf#navpanes=0
SB 966  ,https://capitol.texas.gov/tlodocs/87R/billtext/pdf/SB00966F.pdf#navpanes=0
SB 967  ,https://capitol.texas.gov/tlodocs/87R/billtext/pdf/SB00967F.pdf#navpanes=0
SB 968  ,https://capitol.texas.gov/tlodocs/87R/billtext/pdf/SB00968F.pdf#navpanes=0
SB 969  ,https://capitol.texas.gov/tlodocs/87R/billtext/pdf/SB00969F.pdf#navpanes=0
SB 970  ,https://capitol.texas.gov/tlodocs/87R/billtext/pdf/SB00970F.pdf#navpanes=0
SB 984  ,https://capitol.texas.gov/tlodocs/87R/billtext/pdf/SB00984F.pdf#navpanes=0
SB 993  ,https://capitol.texas.gov/tlodocs/87R/billtext/pdf/SB00993F.pdf#navpanes=0
SB 997  ,https://capitol.texas.gov/tlodocs/87R/billtext/pdf/SB00997F.pdf#navpanes=0
SB 1019 ,https://capitol.texas.gov/tlodocs/87R/billtext/pdf/SB01019F.pdf#navpanes=0
SB 1028 ,https://capitol.texas.gov/tlodocs/87R/billtext/pdf/SB01028F.pdf#navpanes=0
SB 1047 ,https://capitol.texas.gov/tlodocs/87R/billtext/pdf/SB01047F.pdf#navpanes=0
SB 1055 ,https://capitol.texas.gov/tlodocs/87R/billtext/pdf/SB01055F.pdf#navpanes=0
SB 1056 ,https://capitol.texas.gov/tlodocs/87R/billtext/pdf/SB01056F.pdf#navpanes=0
SB 1059 ,https://capitol.texas.gov/tlodocs/87R/billtext/pdf/SB01059F.pdf#navpanes=0
SB 1061 ,https://capitol.texas.gov/tlodocs/87R/billtext/pdf/SB01061F.pdf#navpanes=0
SB 1063 ,https://capitol.texas.gov/tlodocs/87R/billtext/pdf/SB01063F.pdf#navpanes=0
SB 1064 ,https://capitol.texas.gov/tlodocs/87R/billtext/pdf/SB01064F.pdf#navpanes=0
SB 1065 ,https://capitol.texas.gov/tlodocs/87R/billtext/pdf/SB01065F.pdf#navpanes=0
SB 1071 ,https://capitol.texas.gov/tlodocs/87R/billtext/pdf/SB01071F.pdf#navpanes=0
SB 1072 ,https://capitol.texas.gov/tlodocs/87R/billtext/pdf/SB01072F.pdf#navpanes=0
SB 1088 ,https://capitol.texas.gov/tlodocs/87R/billtext/pdf/SB01088F.pdf#navpanes=0
SB 1093 ,https://capitol.texas.gov/tlodocs/87R/billtext/pdf/SB01093F.pdf#navpanes=0
SB 1094 ,https://capitol.texas.gov/tlodocs/87R/billtext/pdf/SB01094F.pdf#navpanes=0
SB 1095 ,https://capitol.texas.gov/tlodocs/87R/billtext/pdf/SB01095F.pdf#navpanes=0
SB 1102 ,https://capitol.texas.gov/tlodocs/87R/billtext/pdf/SB01102F.pdf#navpanes=0
SB 1103 ,https://capitol.texas.gov/tlodocs/87R/billtext/pdf/SB01103F.pdf#navpanes=0
SB 1105 ,https://capitol.texas.gov/tlodocs/87R/billtext/pdf/SB01105F.pdf#navpanes=0
SB 1111 ,https://capitol.texas.gov/tlodocs/87R/billtext/pdf/SB01111F.pdf#navpanes=0
SB 1113 ,https://capitol.texas.gov/tlodocs/87R/billtext/pdf/SB01113F.pdf#navpanes=0
SB 1116 ,https://capitol.texas.gov/tlodocs/87R/billtext/pdf/SB01116F.pdf#navpanes=0
SB 1117 ,https://capitol.texas.gov/tlodocs/87R/billtext/pdf/SB01117F.pdf#navpanes=0
SB 1118 ,https://capitol.texas.gov/tlodocs/87R/billtext/pdf/SB01118F.pdf#navpanes=0
SB 1122 ,https://capitol.texas.gov/tlodocs/87R/billtext/pdf/SB01122F.pdf#navpanes=0
SB 1123 ,https://capitol.texas.gov/tlodocs/87R/billtext/pdf/SB01123F.pdf#navpanes=0
SB 1124 ,https://capitol.texas.gov/tlodocs/87R/billtext/pdf/SB01124F.pdf#navpanes=0
SB 1125 ,https://capitol.texas.gov/tlodocs/87R/billtext/pdf/SB01125F.pdf#navpanes=0
SB 1126 ,https://capitol.texas.gov/tlodocs/87R/billtext/pdf/SB01126F.pdf#navpanes=0
SB 1129 ,https://capitol.texas.gov/tlodocs/87R/billtext/pdf/SB01129F.pdf#navpanes=0
SB 1130 ,https://capitol.texas.gov/tlodocs/87R/billtext/pdf/SB01130F.pdf#navpanes=0
SB 1132 ,https://capitol.texas.gov/tlodocs/87R/billtext/pdf/SB01132F.pdf#navpanes=0
SB 1134 ,https://capitol.texas.gov/tlodocs/87R/billtext/pdf/SB01134F.pdf#navpanes=0
SB 1136 ,https://capitol.texas.gov/tlodocs/87R/billtext/pdf/SB01136F.pdf#navpanes=0
SB 1137 ,https://capitol.texas.gov/tlodocs/87R/billtext/pdf/SB01137F.pdf#navpanes=0
SB 1138 ,https://capitol.texas.gov/tlodocs/87R/billtext/pdf/SB01138F.pdf#navpanes=0
SB 1155 ,https://capitol.texas.gov/tlodocs/87R/billtext/pdf/SB01155F.pdf#navpanes=0
SB 1156 ,https://capitol.texas.gov/tlodocs/87R/billtext/pdf/SB01156F.pdf#navpanes=0
SB 1160 ,https://capitol.texas.gov/tlodocs/87R/billtext/pdf/SB01160F.pdf#navpanes=0
SB 1164 ,https://capitol.texas.gov/tlodocs/87R/billtext/pdf/SB01164F.pdf#navpanes=0
SB 1165 ,https://capitol.texas.gov/tlodocs/87R/billtext/pdf/SB01165F.pdf#navpanes=0
SB 1168 ,https://capitol.texas.gov/tlodocs/87R/billtext/pdf/SB01168F.pdf#navpanes=0
SB 1177 ,https://capitol.texas.gov/tlodocs/87R/billtext/pdf/SB01177F.pdf#navpanes=0
SB 1179 ,https://capitol.texas.gov/tlodocs/87R/billtext/pdf/SB01179F.pdf#navpanes=0
SB 1181 ,https://capitol.texas.gov/tlodocs/87R/billtext/pdf/SB01181F.pdf#navpanes=0
SB 1185 ,https://capitol.texas.gov/tlodocs/87R/billtext/pdf/SB01185F.pdf#navpanes=0
SB 1191 ,https://capitol.texas.gov/tlodocs/87R/billtext/pdf/SB01191F.pdf#navpanes=0
SB 1202 ,https://capitol.texas.gov/tlodocs/87R/billtext/pdf/SB01202F.pdf#navpanes=0
SB 1203 ,https://capitol.texas.gov/tlodocs/87R/billtext/pdf/SB01203F.pdf#navpanes=0
SB 1208 ,https://capitol.texas.gov/tlodocs/87R/billtext/pdf/SB01208F.pdf#navpanes=0
SB 1210 ,https://capitol.texas.gov/tlodocs/87R/billtext/pdf/SB01210F.pdf#navpanes=0
SB 1212 ,https://capitol.texas.gov/tlodocs/87R/billtext/pdf/SB01212F.pdf#navpanes=0
SB 1225 ,https://capitol.texas.gov/tlodocs/87R/billtext/pdf/SB01225F.pdf#navpanes=0
SB 1226 ,https://capitol.texas.gov/tlodocs/87R/billtext/pdf/SB01226F.pdf#navpanes=0
SB 1227 ,https://capitol.texas.gov/tlodocs/87R/billtext/pdf/SB01227F.pdf#navpanes=0
SB 1230 ,https://capitol.texas.gov/tlodocs/87R/billtext/pdf/SB01230F.pdf#navpanes=0
SB 1232 ,https://capitol.texas.gov/tlodocs/87R/billtext/pdf/SB01232F.pdf#navpanes=0
SB 1244 ,https://capitol.texas.gov/tlodocs/87R/billtext/pdf/SB01244F.pdf#navpanes=0
SB 1245 ,https://capitol.texas.gov/tlodocs/87R/billtext/pdf/SB01245F.pdf#navpanes=0
SB 1251 ,https://capitol.texas.gov/tlodocs/87R/billtext/pdf/SB01251F.pdf#navpanes=0
SB 1257 ,https://capitol.texas.gov/tlodocs/87R/billtext/pdf/SB01257F.pdf#navpanes=0
SB 1258 ,https://capitol.texas.gov/tlodocs/87R/billtext/pdf/SB01258F.pdf#navpanes=0
SB 1259 ,https://capitol.texas.gov/tlodocs/87R/billtext/pdf/SB01259F.pdf#navpanes=0
SB 1260 ,https://capitol.texas.gov/tlodocs/87R/billtext/pdf/SB01260F.pdf#navpanes=0
SB 1265 ,https://capitol.texas.gov/tlodocs/87R/billtext/pdf/SB01265F.pdf#navpanes=0
SB 1267 ,https://capitol.texas.gov/tlodocs/87R/billtext/pdf/SB01267F.pdf#navpanes=0
SB 1269 ,https://capitol.texas.gov/tlodocs/87R/billtext/pdf/SB01269F.pdf#navpanes=0
SB 1270 ,https://capitol.texas.gov/tlodocs/87R/billtext/pdf/SB01270F.pdf#navpanes=0
SB 1277 ,https://capitol.texas.gov/tlodocs/87R/billtext/pdf/SB01277F.pdf#navpanes=0
SB 1280 ,https://capitol.texas.gov/tlodocs/87R/billtext/pdf/SB01280F.pdf#navpanes=0
SB 1281 ,https://capitol.texas.gov/tlodocs/87R/billtext/pdf/SB01281F.pdf#navpanes=0
SB 1295 ,https://capitol.texas.gov/tlodocs/87R/billtext/pdf/SB01295F.pdf#navpanes=0
SB 1296 ,https://capitol.texas.gov/tlodocs/87R/billtext/pdf/SB01296F.pdf#navpanes=0
SB 1315 ,https://capitol.texas.gov/tlodocs/87R/billtext/pdf/SB01315F.pdf#navpanes=0
SB 1323 ,https://capitol.texas.gov/tlodocs/87R/billtext/pdf/SB01323F.pdf#navpanes=0
SB 1334 ,https://capitol.texas.gov/tlodocs/87R/billtext/pdf/SB01334F.pdf#navpanes=0
SB 1336 ,https://capitol.texas.gov/tlodocs/87R/billtext/pdf/SB01336F.pdf#navpanes=0
SB 1338 ,https://capitol.texas.gov/tlodocs/87R/billtext/pdf/SB01338F.pdf#navpanes=0
SB 1341 ,https://capitol.texas.gov/tlodocs/87R/billtext/pdf/SB01341F.pdf#navpanes=0
SB 1343 ,https://capitol.texas.gov/tlodocs/87R/billtext/pdf/SB01343F.pdf#navpanes=0
SB 1351 ,https://capitol.texas.gov/tlodocs/87R/billtext/pdf/SB01351F.pdf#navpanes=0
SB 1353 ,https://capitol.texas.gov/tlodocs/87R/billtext/pdf/SB01353F.pdf#navpanes=0
SB 1354 ,https://capitol.texas.gov/tlodocs/87R/billtext/pdf/SB01354F.pdf#navpanes=0
SB 1355 ,https://capitol.texas.gov/tlodocs/87R/billtext/pdf/SB01355F.pdf#navpanes=0
SB 1356 ,https://capitol.texas.gov/tlodocs/87R/billtext/pdf/SB01356F.pdf#navpanes=0
SB 1357 ,https://capitol.texas.gov/tlodocs/87R/billtext/pdf/SB01357F.pdf#navpanes=0
SB 1359 ,https://capitol.texas.gov/tlodocs/87R/billtext/pdf/SB01359F.pdf#navpanes=0
SB 1365 ,https://capitol.texas.gov/tlodocs/87R/billtext/pdf/SB01365F.pdf#navpanes=0
SB 1367 ,https://capitol.texas.gov/tlodocs/87R/billtext/pdf/SB01367F.pdf#navpanes=0
SB 1371 ,https://capitol.texas.gov/tlodocs/87R/billtext/pdf/SB01371F.pdf#navpanes=0
SB 1373 ,https://capitol.texas.gov/tlodocs/87R/billtext/pdf/SB01373F.pdf#navpanes=0
SB 1385 ,https://capitol.texas.gov/tlodocs/87R/billtext/pdf/SB01385F.pdf#navpanes=0
SB 1387 ,https://capitol.texas.gov/tlodocs/87R/billtext/pdf/SB01387F.pdf#navpanes=0
SB 1397 ,https://capitol.texas.gov/tlodocs/87R/billtext/pdf/SB01397F.pdf#navpanes=0
SB 1414 ,https://capitol.texas.gov/tlodocs/87R/billtext/pdf/SB01414F.pdf#navpanes=0
SB 1418 ,https://capitol.texas.gov/tlodocs/87R/billtext/pdf/SB01418F.pdf#navpanes=0
SB 1421 ,https://capitol.texas.gov/tlodocs/87R/billtext/pdf/SB01421F.pdf#navpanes=0
SB 1427 ,https://capitol.texas.gov/tlodocs/87R/billtext/pdf/SB01427F.pdf#navpanes=0
SB 1438 ,https://capitol.texas.gov/tlodocs/87R/billtext/pdf/SB01438F.pdf#navpanes=0
SB 1441 ,https://capitol.texas.gov/tlodocs/87R/billtext/pdf/SB01441F.pdf#navpanes=0
SB 1444 ,https://capitol.texas.gov/tlodocs/87R/billtext/pdf/SB01444F.pdf#navpanes=0
SB 1448 ,https://capitol.texas.gov/tlodocs/87R/billtext/pdf/SB01448F.pdf#navpanes=0
SB 1449 ,https://capitol.texas.gov/tlodocs/87R/billtext/pdf/SB01449F.pdf#navpanes=0
SB 1465 ,https://capitol.texas.gov/tlodocs/87R/billtext/pdf/SB01465F.pdf#navpanes=0
SB 1467 ,https://capitol.texas.gov/tlodocs/87R/billtext/pdf/SB01467F.pdf#navpanes=0
SB 1474 ,https://capitol.texas.gov/tlodocs/87R/billtext/pdf/SB01474F.pdf#navpanes=0
SB 1480 ,https://capitol.texas.gov/tlodocs/87R/billtext/pdf/SB01480F.pdf#navpanes=0
SB 1490 ,https://capitol.texas.gov/tlodocs/87R/billtext/pdf/SB01490F.pdf#navpanes=0
SB 1495 ,https://capitol.texas.gov/tlodocs/87R/billtext/pdf/SB01495F.pdf#navpanes=0
SB 1523 ,https://capitol.texas.gov/tlodocs/87R/billtext/pdf/SB01523F.pdf#navpanes=0
SB 1524 ,https://capitol.texas.gov/tlodocs/87R/billtext/pdf/SB01524F.pdf#navpanes=0
SB 1525 ,https://capitol.texas.gov/tlodocs/87R/billtext/pdf/SB01525F.pdf#navpanes=0
SB 1531 ,https://capitol.texas.gov/tlodocs/87R/billtext/pdf/SB01531F.pdf#navpanes=0
SB 1534 ,https://capitol.texas.gov/tlodocs/87R/billtext/pdf/SB01534F.pdf#navpanes=0
SB 1550 ,https://capitol.texas.gov/tlodocs/87R/billtext/pdf/SB01550F.pdf#navpanes=0
SB 1555 ,https://capitol.texas.gov/tlodocs/87R/billtext/pdf/SB01555F.pdf#navpanes=0
SB 1575 ,https://capitol.texas.gov/tlodocs/87R/billtext/pdf/SB01575F.pdf#navpanes=0
SB 1578 ,https://capitol.texas.gov/tlodocs/87R/billtext/pdf/SB01578F.pdf#navpanes=0
SB 1580 ,https://capitol.texas.gov/tlodocs/87R/billtext/pdf/SB01580F.pdf#navpanes=0
SB 1582 ,https://capitol.texas.gov/tlodocs/87R/billtext/pdf/SB01582F.pdf#navpanes=0
SB 1585 ,https://capitol.texas.gov/tlodocs/87R/billtext/pdf/SB01585F.pdf#navpanes=0
SB 1588 ,https://capitol.texas.gov/tlodocs/87R/billtext/pdf/SB01588F.pdf#navpanes=0
SB 1590 ,https://capitol.texas.gov/tlodocs/87R/billtext/pdf/SB01590F.pdf#navpanes=0
SB 1602 ,https://capitol.texas.gov/tlodocs/87R/billtext/pdf/SB01602F.pdf#navpanes=0
SB 1605 ,https://capitol.texas.gov/tlodocs/87R/billtext/pdf/SB01605F.pdf#navpanes=0
SB 1642 ,https://capitol.texas.gov/tlodocs/87R/billtext/pdf/SB01642F.pdf#navpanes=0
SB 1643 ,https://capitol.texas.gov/tlodocs/87R/billtext/pdf/SB01643F.pdf#navpanes=0
SB 1648 ,https://capitol.texas.gov/tlodocs/87R/billtext/pdf/SB01648F.pdf#navpanes=0
SB 1655 ,https://capitol.texas.gov/tlodocs/87R/billtext/pdf/SB01655F.pdf#navpanes=0
SB 1668 ,https://capitol.texas.gov/tlodocs/87R/billtext/pdf/SB01668F.pdf#navpanes=0
SB 1677 ,https://capitol.texas.gov/tlodocs/87R/billtext/pdf/SB01677F.pdf#navpanes=0
SB 1692 ,https://capitol.texas.gov/tlodocs/87R/billtext/pdf/SB01692F.pdf#navpanes=0
SB 1696 ,https://capitol.texas.gov/tlodocs/87R/billtext/pdf/SB01696F.pdf#navpanes=0
SB 1697 ,https://capitol.texas.gov/tlodocs/87R/billtext/pdf/SB01697F.pdf#navpanes=0
SB 1704 ,https://capitol.texas.gov/tlodocs/87R/billtext/pdf/SB01704F.pdf#navpanes=0
SB 1716 ,https://capitol.texas.gov/tlodocs/87R/billtext/pdf/SB01716F.pdf#navpanes=0
SB 1727 ,https://capitol.texas.gov/tlodocs/87R/billtext/pdf/SB01727F.pdf#navpanes=0
SB 1761 ,https://capitol.texas.gov/tlodocs/87R/billtext/pdf/SB01761F.pdf#navpanes=0
SB 1764 ,https://capitol.texas.gov/tlodocs/87R/billtext/pdf/SB01764F.pdf#navpanes=0
SB 1774 ,https://capitol.texas.gov/tlodocs/87R/billtext/pdf/SB01774F.pdf#navpanes=0
SB 1780 ,https://capitol.texas.gov/tlodocs/87R/billtext/pdf/SB01780F.pdf#navpanes=0
SB 1783 ,https://capitol.texas.gov/tlodocs/87R/billtext/pdf/SB01783F.pdf#navpanes=0
SB 1801 ,https://capitol.texas.gov/tlodocs/87R/billtext/pdf/SB01801F.pdf#navpanes=0
SB 1808 ,https://capitol.texas.gov/tlodocs/87R/billtext/pdf/SB01808F.pdf#navpanes=0
SB 1809 ,https://capitol.texas.gov/tlodocs/87R/billtext/pdf/SB01809F.pdf#navpanes=0
SB 1814 ,https://capitol.texas.gov/tlodocs/87R/billtext/pdf/SB01814F.pdf#navpanes=0
SB 1815 ,https://capitol.texas.gov/tlodocs/87R/billtext/pdf/SB01815F.pdf#navpanes=0
SB 1817 ,https://capitol.texas.gov/tlodocs/87R/billtext/pdf/SB01817F.pdf#navpanes=0
SB 1818 ,https://capitol.texas.gov/tlodocs/87R/billtext/pdf/SB01818F.pdf#navpanes=0
SB 1821 ,https://capitol.texas.gov/tlodocs/87R/billtext/pdf/SB01821F.pdf#navpanes=0
SB 1829 ,https://capitol.texas.gov/tlodocs/87R/billtext/pdf/SB01829F.pdf#navpanes=0
SB 1831 ,https://capitol.texas.gov/tlodocs/87R/billtext/pdf/SB01831F.pdf#navpanes=0
SB 1854 ,https://capitol.texas.gov/tlodocs/87R/billtext/pdf/SB01854F.pdf#navpanes=0
SB 1856 ,https://capitol.texas.gov/tlodocs/87R/billtext/pdf/SB01856F.pdf#navpanes=0
SB 1860 ,https://capitol.texas.gov/tlodocs/87R/billtext/pdf/SB01860F.pdf#navpanes=0
SB 1876 ,https://capitol.texas.gov/tlodocs/87R/billtext/pdf/SB01876F.pdf#navpanes=0
SB 1888 ,https://capitol.texas.gov/tlodocs/87R/billtext/pdf/SB01888F.pdf#navpanes=0
SB 1890 ,https://capitol.texas.gov/tlodocs/87R/billtext/pdf/SB01890F.pdf#navpanes=0
SB 1895 ,https://capitol.texas.gov/tlodocs/87R/billtext/pdf/SB01895F.pdf#navpanes=0
SB 1896 ,https://capitol.texas.gov/tlodocs/87R/billtext/pdf/SB01896F.pdf#navpanes=0
SB 1900 ,https://capitol.texas.gov/tlodocs/87R/billtext/pdf/SB01900F.pdf#navpanes=0
SB 1907 ,https://capitol.texas.gov/tlodocs/87R/billtext/pdf/SB01907F.pdf#navpanes=0
SB 1911 ,https://capitol.texas.gov/tlodocs/87R/billtext/pdf/SB01911F.pdf#navpanes=0
SB 1917 ,https://capitol.texas.gov/tlodocs/87R/billtext/pdf/SB01917F.pdf#navpanes=0
SB 1919 ,https://capitol.texas.gov/tlodocs/87R/billtext/pdf/SB01919F.pdf#navpanes=0
SB 1921 ,https://capitol.texas.gov/tlodocs/87R/billtext/pdf/SB01921F.pdf#navpanes=0
SB 1936 ,https://capitol.texas.gov/tlodocs/87R/billtext/pdf/SB01936F.pdf#navpanes=0
SB 1941 ,https://capitol.texas.gov/tlodocs/87R/billtext/pdf/SB01941F.pdf#navpanes=0
SB 1942 ,https://capitol.texas.gov/tlodocs/87R/billtext/pdf/SB01942F.pdf#navpanes=0
SB 1949 ,https://capitol.texas.gov/tlodocs/87R/billtext/pdf/SB01949F.pdf#navpanes=0
SB 1954 ,https://capitol.texas.gov/tlodocs/87R/billtext/pdf/SB01954F.pdf#navpanes=0
SB 1955 ,https://capitol.texas.gov/tlodocs/87R/billtext/pdf/SB01955F.pdf#navpanes=0
SB 1984 ,https://capitol.texas.gov/tlodocs/87R/billtext/pdf/SB01984F.pdf#navpanes=0
SB 1986 ,https://capitol.texas.gov/tlodocs/87R/billtext/pdf/SB01986F.pdf#navpanes=0
SB 1987 ,https://capitol.texas.gov/tlodocs/87R/billtext/pdf/SB01987F.pdf#navpanes=0
SB 1997 ,https://capitol.texas.gov/tlodocs/87R/billtext/pdf/SB01997F.pdf#navpanes=0
SB 2008 ,https://capitol.texas.gov/tlodocs/87R/billtext/pdf/SB02008F.pdf#navpanes=0
SB 2013 ,https://capitol.texas.gov/tlodocs/87R/billtext/pdf/SB02013F.pdf#navpanes=0
SB 2016 ,https://capitol.texas.gov/tlodocs/87R/billtext/pdf/SB02016F.pdf#navpanes=0
SB 2038 ,https://capitol.texas.gov/tlodocs/87R/billtext/pdf/SB02038F.pdf#navpanes=0
SB 2046 ,https://capitol.texas.gov/tlodocs/87R/billtext/pdf/SB02046F.pdf#navpanes=0
SB 2049 ,https://capitol.texas.gov/tlodocs/87R/billtext/pdf/SB02049F.pdf#navpanes=0
SB 2050 ,https://capitol.texas.gov/tlodocs/87R/billtext/pdf/SB02050F.pdf#navpanes=0
SB 2054 ,https://capitol.texas.gov/tlodocs/87R/billtext/pdf/SB02054F.pdf#navpanes=0
SB 2062 ,https://capitol.texas.gov/tlodocs/87R/billtext/pdf/SB02062F.pdf#navpanes=0
SB 2066 ,https://capitol.texas.gov/tlodocs/87R/billtext/pdf/SB02066F.pdf#navpanes=0
SB 2081 ,https://capitol.texas.gov/tlodocs/87R/billtext/pdf/SB02081F.pdf#navpanes=0
SB 2093 ,https://capitol.texas.gov/tlodocs/87R/billtext/pdf/SB02093F.pdf#navpanes=0
SB 2099 ,https://capitol.texas.gov/tlodocs/87R/billtext/pdf/SB02099F.pdf#navpanes=0
SB 2116 ,https://capitol.texas.gov/tlodocs/87R/billtext/pdf/SB02116F.pdf#navpanes=0
SB 2124 ,https://capitol.texas.gov/tlodocs/87R/billtext/pdf/SB02124F.pdf#navpanes=0
SB 2145 ,https://capitol.texas.gov/tlodocs/87R/billtext/pdf/SB02145F.pdf#navpanes=0
SB 2146 ,https://capitol.texas.gov/tlodocs/87R/billtext/pdf/SB02146F.pdf#navpanes=0
SB 2147 ,https://capitol.texas.gov/tlodocs/87R/billtext/pdf/SB02147F.pdf#navpanes=0
SB 2154 ,https://capitol.texas.gov/tlodocs/87R/billtext/pdf/SB02154F.pdf#navpanes=0
SB 2158 ,https://capitol.texas.gov/tlodocs/87R/billtext/pdf/SB02158F.pdf#navpanes=0
SB 2162 ,https://capitol.texas.gov/tlodocs/87R/billtext/pdf/SB02162F.pdf#navpanes=0
SB 2163 ,https://capitol.texas.gov/tlodocs/87R/billtext/pdf/SB02163F.pdf#navpanes=0
SB 2164 ,https://capitol.texas.gov/tlodocs/87R/billtext/pdf/SB02164F.pdf#navpanes=0
SB 2171 ,https://capitol.texas.gov/tlodocs/87R/billtext/pdf/SB02171F.pdf#navpanes=0
SB 2172 ,https://capitol.texas.gov/tlodocs/87R/billtext/pdf/SB02172F.pdf#navpanes=0
SB 2174 ,https://capitol.texas.gov/tlodocs/87R/billtext/pdf/SB02174F.pdf#navpanes=0
SB 2175 ,https://capitol.texas.gov/tlodocs/87R/billtext/pdf/SB02175F.pdf#navpanes=0
SB 2180 ,https://capitol.texas.gov/tlodocs/87R/billtext/pdf/SB02180F.pdf#navpanes=0
SB 2181 ,https://capitol.texas.gov/tlodocs/87R/billtext/pdf/SB02181F.pdf#navpanes=0
SB 2182 ,https://capitol.texas.gov/tlodocs/87R/billtext/pdf/SB02182F.pdf#navpanes=0
SB 2188 ,https://capitol.texas.gov/tlodocs/87R/billtext/pdf/SB02188F.pdf#navpanes=0
SB 2197 ,https://capitol.texas.gov/tlodocs/87R/billtext/pdf/SB02197F.pdf#navpanes=0
SB 2205 ,https://capitol.texas.gov/tlodocs/87R/billtext/pdf/SB02205F.pdf#navpanes=0
SB 2208 ,https://capitol.texas.gov/tlodocs/87R/billtext/pdf/SB02208F.pdf#navpanes=0
SB 2212 ,https://capitol.texas.gov/tlodocs/87R/billtext/pdf/SB02212F.pdf#navpanes=0
SB 2222 ,https://capitol.texas.gov/tlodocs/87R/billtext/pdf/SB02222F.pdf#navpanes=0
SB 2230 ,https://capitol.texas.gov/tlodocs/87R/billtext/pdf/SB02230F.pdf#navpanes=0
SB 2243 ,https://capitol.texas.gov/tlodocs/87R/billtext/pdf/SB02243F.pdf#navpanes=0
SCR 1    ,https://capitol.texas.gov/tlodocs/87R/billtext/pdf/SC00001F.pdf#navpanes=0
SCR 3    ,https://capitol.texas.gov/tlodocs/87R/billtext/pdf/SC00003F.pdf#navpanes=0
SCR 7    ,https://capitol.texas.gov/tlodocs/87R/billtext/pdf/SC00007F.pdf#navpanes=0
SCR 9    ,https://capitol.texas.gov/tlodocs/87R/billtext/pdf/SC00009F.pdf#navpanes=0
SCR 10   ,https://capitol.texas.gov/tlodocs/87R/billtext/pdf/SC00010F.pdf#navpanes=0
SCR 11   ,https://capitol.texas.gov/tlodocs/87R/billtext/pdf/SC00011F.pdf#navpanes=0
SCR 12   ,https://capitol.texas.gov/tlodocs/87R/billtext/pdf/SC00012F.pdf#navpanes=0
SCR 13   ,https://capitol.texas.gov/tlodocs/87R/billtext/pdf/SC00013F.pdf#navpanes=0
SCR 14   ,https://capitol.texas.gov/tlodocs/87R/billtext/pdf/SC00014F.pdf#navpanes=0
SCR 15   ,https://capitol.texas.gov/tlodocs/87R/billtext/pdf/SC00015F.pdf#navpanes=0
SCR 16   ,https://capitol.texas.gov/tlodocs/87R/billtext/pdf/SC00016F.pdf#navpanes=0
SCR 17   ,https://capitol.texas.gov/tlodocs/87R/billtext/pdf/SC00017F.pdf#navpanes=0
SCR 19   ,https://capitol.texas.gov/tlodocs/87R/billtext/pdf/SC00019F.pdf#navpanes=0
SCR 20   ,https://capitol.texas.gov/tlodocs/87R/billtext/pdf/SC00020F.pdf#navpanes=0
SCR 21   ,https://capitol.texas.gov/tlodocs/87R/billtext/pdf/SC00021F.pdf#navpanes=0
SCR 22   ,https://capitol.texas.gov/tlodocs/87R/billtext/pdf/SC00022F.pdf#navpanes=0
SCR 23   ,https://capitol.texas.gov/tlodocs/87R/billtext/pdf/SC00023F.pdf#navpanes=0
SCR 25   ,https://capitol.texas.gov/tlodocs/87R/billtext/pdf/SC00025F.pdf#navpanes=0
SCR 26   ,https://capitol.texas.gov/tlodocs/87R/billtext/pdf/SC00026F.pdf#navpanes=0
SCR 29   ,https://capitol.texas.gov/tlodocs/87R/billtext/pdf/SC00029F.pdf#navpanes=0
SCR 31   ,https://capitol.texas.gov/tlodocs/87R/billtext/pdf/SC00031F.pdf#navpanes=0
SCR 33   ,https://capitol.texas.gov/tlodocs/87R/billtext/pdf/SC00033F.pdf#navpanes=0
SCR 35   ,https://capitol.texas.gov/tlodocs/87R/billtext/pdf/SC00035F.pdf#navpanes=0
SCR 36   ,https://capitol.texas.gov/tlodocs/87R/billtext/pdf/SC00036F.pdf#navpanes=0
SCR 39   ,https://capitol.texas.gov/tlodocs/87R/billtext/pdf/SC00039F.pdf#navpanes=0
SCR 40   ,https://capitol.texas.gov/tlodocs/87R/billtext/pdf/SC00040F.pdf#navpanes=0
SCR 41   ,https://capitol.texas.gov/tlodocs/87R/billtext/pdf/SC00041F.pdf#navpanes=0
SCR 42   ,https://capitol.texas.gov/tlodocs/87R/billtext/pdf/SC00042F.pdf#navpanes=0
SCR 43   ,https://capitol.texas.gov/tlodocs/87R/billtext/pdf/SC00043F.pdf#navpanes=0
SCR 46   ,https://capitol.texas.gov/tlodocs/87R/billtext/pdf/SC00046F.pdf#navpanes=0
SCR 47   ,https://capitol.texas.gov/tlodocs/87R/billtext/pdf/SC00047F.pdf#navpanes=0
SCR 50   ,https://capitol.texas.gov/tlodocs/87R/billtext/pdf/SC00050F.pdf#navpanes=0
SCR 51   ,https://capitol.texas.gov/tlodocs/87R/billtext/pdf/SC00051F.pdf#navpanes=0
SCR 52   ,https://capitol.texas.gov/tlodocs/87R/billtext/pdf/SC00052F.pdf#navpanes=0
SCR 53   ,https://capitol.texas.gov/tlodocs/87R/billtext/pdf/SC00053F.pdf#navpanes=0
SCR 54   ,https://capitol.texas.gov/tlodocs/87R/billtext/pdf/SC00054F.pdf#navpanes=0
SCR 55   ,https://capitol.texas.gov/tlodocs/87R/billtext/pdf/SC00055F.pdf#navpanes=0
SCR 56   ,https://capitol.texas.gov/tlodocs/87R/billtext/pdf/SC00056F.pdf#navpanes=0
SCR 57   ,https://capitol.texas.gov/tlodocs/87R/billtext/pdf/SC00057F.pdf#navpanes=0
SCR 58   ,https://capitol.texas.gov/tlodocs/87R/billtext/pdf/SC00058F.pdf#navpanes=0
SCR 59   ,https://capitol.texas.gov/tlodocs/87R/billtext/pdf/SC00059F.pdf#navpanes=0
SCR 60   ,https://capitol.texas.gov/tlodocs/87R/billtext/pdf/SC00060F.pdf#navpanes=0
